Item Id,date,predicted_units
B09KDR64LT,2024-07-01,0.0
B09KDTS4DC,2024-07-01,0.0
B09KDTHJ6V,2024-07-01,0.0
B09KDQ2BWY,2024-07-01,0.0
B09KDYY3SB,2024-07-01,5.06
B09KDNYCYR,2024-07-01,0.0
B09KDN7PYR,2024-07-01,0.0
B09KDLQ2GW,2024-07-01,4.72
B0BDRTZTGX,2024-07-01,0.0
B09KDVXTP4,2024-07-01,0.0
B09KDPXYG3,2024-07-01,0.0
B09KDW1YKQ,2024-07-01,0.0
B09MR36MLJ,2024-07-01,0.0
B09KDZQJ6P,2024-07-01,0.0
B09MR3Y296,2024-07-01,0.0
B09KSXP3HN,2024-07-01,3.06
B09KT5HMNY,2024-07-01,0.0
B09KTF8ZDQ,2024-07-01,0.0
B09KTFXX6L,2024-07-01,0.0
B09KTJRHC7,2024-07-01,1.14
B09KTMKDKJ,2024-07-01,1.04
B09KTMLQ1N,2024-07-01,6.04
B09MR2FY5D,2024-07-01,8.62
B09MR2MLZH,2024-07-01,0.0
B09MR4B13C,2024-07-01,2.0
B09KDXJJ6W,2024-07-01,0.0
B09KSYL73R,2024-07-01,1.88
B0B31VFJ6Q,2024-07-01,1.96
B09MR4G722,2024-07-01,0.0
B09MR3RSW8,2024-07-01,0.0
B0B31SM3ZR,2024-07-01,0.0
B0B31R1ZBV,2024-07-01,0.0
B09X1JTK49,2024-07-01,0.0
B09X1HV1NL,2024-07-01,2.04
B09X1H629F,2024-07-01,0.0
B09X1F1L26,2024-07-01,-1.02
B09X1F8C23,2024-07-01,2.2
B09X1DHRLN,2024-07-01,0.0
B09MR5WS3Y,2024-07-01,0.0
B09MR56Q9N,2024-07-01,0.0
B0B31T1XMH,2024-07-01,0.0
B09MR4Z3H8,2024-07-01,1.02
B09MR4Z3H9,2024-07-01,0.0
B0B31V3PKG,2024-07-01,0.0
B0B31VTH56,2024-07-01,0.0
B0B31Y1FDZ,2024-07-01,6.96
B0B699PLXD,2024-07-01,0.0
B0B69B8R3C,2024-07-01,0.0
B0B69C4GST,2024-07-01,0.0
B0B69DD2C7,2024-07-01,0.0
B0B69DK8JN,2024-07-01,0.0
B0B69FBGN1,2024-07-01,0.0
B0B69G3YRM,2024-07-01,0.0
B0B69GN5KJ,2024-07-01,0.0
B0B69SF1BT,2024-07-01,0.0
B0BDRQWBK9,2024-07-01,0.0
B09MR3XT5G,2024-07-01,3.44
B09X1FWK8Z,2024-07-01,0.0
B0CY5QQ49F,2024-07-01,0.0
B0BNKZYHRX,2024-07-01,0.0
B0BRCXJ1F6,2024-07-01,0.0
B0BGDWGRQB,2024-07-01,0.0
B0BGDX2Z3L,2024-07-01,6.22
B0BGDXM13S,2024-07-01,0.0
B0BGDXV7FD,2024-07-01,0.0
B0BGDZLDX2,2024-07-01,0.0
B0BNKXC5H1,2024-07-01,0.0
B0BNKY8RQN,2024-07-01,0.0
B0BNKYZD2Z,2024-07-01,0.0
B0BNKZ88Z5,2024-07-01,0.0
B0BNKZCWFL,2024-07-01,0.0
B0BRCXJRX6,2024-07-01,1.14
B0BG2Z8CY4,2024-07-01,0.0
B0BNL5BKMK,2024-07-01,0.0
B0BNL1CG6X,2024-07-01,0.0
B0BRCXCXCV,2024-07-01,0.0
B0BRCW79VK,2024-07-01,0.0
B0BRCW2B64,2024-07-01,0.0
B0BNL7TJRT,2024-07-01,0.0
B0BRCXDHBX,2024-07-01,0.0
B0BNL4S6MB,2024-07-01,0.0
B0BNL3YY1C,2024-07-01,0.0
B0BNL3J36Z,2024-07-01,0.0
B0BNL4L4K5,2024-07-01,0.0
B0BDRS6R5Z,2024-07-01,0.0
B0BNL11QD8,2024-07-01,0.0
B0BSLTZV4Z,2024-07-01,0.0
B0BNKZ9BJR,2024-07-01,0.0
B0BG2T78CJ,2024-07-01,0.0
B0BRCXQMS5,2024-07-01,0.0
B0C9JLKFPZ,2024-07-01,0.0
B0BRCXQRC9,2024-07-01,1.06
B0BRCXXBG2,2024-07-01,0.0
B0BRCY8QMH,2024-07-01,0.0
B0BRCYJ33N,2024-07-01,1.08
B0BRCYJ4SR,2024-07-01,0.0
B0BRCYK4JK,2024-07-01,2.46
B0BRCYQNSW,2024-07-01,2.04
B0BRCYV77T,2024-07-01,1.06
B0BRDCBGFD,2024-07-01,0.0
B0BRDCJWJC,2024-07-01,0.0
B0BSLTV9FL,2024-07-01,0.0
B0BSLWJKSX,2024-07-01,0.0
B0BG2PD396,2024-07-01,0.0
B0CY5LR4VX,2024-07-01,0.0
B0CFV6V981,2024-07-01,-50.1
B0CY5KFQBD,2024-07-01,0.0
B0CR4C98FS,2024-07-01,0.0
B0CR4C5WXS,2024-07-01,0.0
B0CR4BGLK5,2024-07-01,0.0
B0CR4BK4FW,2024-07-01,0.0
B0CR49NR3B,2024-07-01,0.0
B0CR49N6MQ,2024-07-01,1.04
B0CR49BQRS,2024-07-01,0.0
B0CQVLFPBQ,2024-07-01,0.0
B0BRCXP7VN,2024-07-01,0.0
B0CR4BG4ZW,2024-07-01,1.08
B09KDTHJ6V,2024-07-02,0.0
B09KDW1YKQ,2024-07-02,0.0
B09KDVXTP4,2024-07-02,0.0
B09KDTS4DC,2024-07-02,0.0
B09KDR64LT,2024-07-02,0.0
B09KDZQJ6P,2024-07-02,0.0
B09KDPXYG3,2024-07-02,0.0
B09KDNYCYR,2024-07-02,0.0
B09KDN7PYR,2024-07-02,0.0
B0BDRTZTGX,2024-07-02,0.0
B09KDXJJ6W,2024-07-02,0.0
B09KDQ2BWY,2024-07-02,0.0
B09KDYY3SB,2024-07-02,318.8
B09KTJRHC7,2024-07-02,50.56
B09MR3Y296,2024-07-02,0.0
B09KSYL73R,2024-07-02,53.36
B09KT5HMNY,2024-07-02,0.0
B09KTF8ZDQ,2024-07-02,0.0
B09KTFXX6L,2024-07-02,0.0
B09KTMKDKJ,2024-07-02,48.14
B09KTMLQ1N,2024-07-02,356.18
B09MR2FY5D,2024-07-02,419.54
B09MR2MLZH,2024-07-02,0.0
B09MR36MLJ,2024-07-02,0.0
B09MR3RSW8,2024-07-02,0.0
B09MR3XT5G,2024-07-02,334.72
B09KSXP3HN,2024-07-02,354.06
B09MR4B13C,2024-07-02,76.36
B09X1F8C23,2024-07-02,114.82
B09MR4Z3H8,2024-07-02,45.78
B0B31R1ZBV,2024-07-02,0.0
B09X1JTK49,2024-07-02,0.0
B09X1HV1NL,2024-07-02,96.94
B09X1H629F,2024-07-02,0.0
B09X1FWK8Z,2024-07-02,0.0
B09X1DHRLN,2024-07-02,0.0
B09X1F1L26,2024-07-02,8.6
B09MR5WS3Y,2024-07-02,0.0
B09MR56Q9N,2024-07-02,0.0
B09MR4Z3H9,2024-07-02,0.0
B0B31T1XMH,2024-07-02,0.0
B0B31SM3ZR,2024-07-02,0.0
B09KDLQ2GW,2024-07-02,294.48
B0B69SF1BT,2024-07-02,0.0
B0B31VFJ6Q,2024-07-02,57.18
B0B31VTH56,2024-07-02,0.0
B0B31Y1FDZ,2024-07-02,376.7
B0B699PLXD,2024-07-02,0.0
B0B69B8R3C,2024-07-02,0.0
B0B69C4GST,2024-07-02,0.0
B0B69DD2C7,2024-07-02,0.0
B0B69DK8JN,2024-07-02,0.0
B0B69FBGN1,2024-07-02,0.0
B0B69G3YRM,2024-07-02,0.0
B0B69GN5KJ,2024-07-02,0.0
B09MR4G722,2024-07-02,0.0
B0B31V3PKG,2024-07-02,0.0
B0BDRQWBK9,2024-07-02,0.0
B0BG2PD396,2024-07-02,0.0
B0BSLWJKSX,2024-07-02,0.0
B0BG2T78CJ,2024-07-02,0.0
B0BG2Z8CY4,2024-07-02,0.0
B0BGDWGRQB,2024-07-02,0.0
B0BGDX2Z3L,2024-07-02,394.82
B0BGDXM13S,2024-07-02,0.0
B0BGDXV7FD,2024-07-02,0.0
B0BGDZLDX2,2024-07-02,0.0
B0BNKY8RQN,2024-07-02,0.0
B0BNKYZD2Z,2024-07-02,0.0
B0BNKZ88Z5,2024-07-02,0.0
B0BNKZ9BJR,2024-07-02,0.0
B0BNKZCWFL,2024-07-02,0.0
B0BNKZYHRX,2024-07-02,0.0
B0BNKXC5H1,2024-07-02,0.0
B0BNL7TJRT,2024-07-02,0.0
B0BNL1CG6X,2024-07-02,0.0
B0BRCXDHBX,2024-07-02,0.0
B0BRCXCXCV,2024-07-02,0.0
B0BRCW79VK,2024-07-02,0.0
B0BRCW2B64,2024-07-02,0.0
B0BRCXJ1F6,2024-07-02,0.0
B0BNL5BKMK,2024-07-02,0.0
B0BNL4L4K5,2024-07-02,0.0
B0BNL3YY1C,2024-07-02,0.0
B0BNL3J36Z,2024-07-02,0.0
B0BDRS6R5Z,2024-07-02,0.0
B0BNL11QD8,2024-07-02,0.0
B0BRCXJRX6,2024-07-02,54.14
B0BNL4S6MB,2024-07-02,0.0
B0BRCXQMS5,2024-07-02,1.1
B0CY5QQ49F,2024-07-02,0.0
B0BRCXXBG2,2024-07-02,0.0
B0BRCY8QMH,2024-07-02,0.0
B0BRCYJ33N,2024-07-02,75.3
B0BRCYJ4SR,2024-07-02,0.0
B0BRCYK4JK,2024-07-02,266.86
B0BRCYQNSW,2024-07-02,50.84
B0BRCYV77T,2024-07-02,32.04
B0BRDCBGFD,2024-07-02,0.0
B0BRDCJWJC,2024-07-02,0.0
B0BSLTV9FL,2024-07-02,0.0
B0BSLTZV4Z,2024-07-02,0.0
B0C9JLKFPZ,2024-07-02,0.0
B0BRCXQRC9,2024-07-02,44.84
B0CFV6V981,2024-07-02,1.42
B0BRCXP7VN,2024-07-02,0.0
B0CY5LR4VX,2024-07-02,1.02
B0CY5KFQBD,2024-07-02,0.0
B0CR4C98FS,2024-07-02,1.04
B0CR4BK4FW,2024-07-02,0.0
B0CR4C5WXS,2024-07-02,0.0
B0CR4BG4ZW,2024-07-02,69.52
B0CR49NR3B,2024-07-02,0.0
B0CR49N6MQ,2024-07-02,73.44
B0CR49BQRS,2024-07-02,0.0
B0CQVLFPBQ,2024-07-02,0.0
B0CR4BGLK5,2024-07-02,0.0
B09KDVXTP4,2024-07-03,0.0
B09KDXJJ6W,2024-07-03,0.0
B09KDW1YKQ,2024-07-03,0.0
B09KDTS4DC,2024-07-03,0.0
B09KDN7PYR,2024-07-03,0.0
B09KDR64LT,2024-07-03,0.0
B09KDQ2BWY,2024-07-03,0.0
B09KDPXYG3,2024-07-03,0.0
B09KDNYCYR,2024-07-03,0.0
B09KDTHJ6V,2024-07-03,0.0
B09KDYY3SB,2024-07-03,126.9
B09KTF8ZDQ,2024-07-03,0.0
B09KDZQJ6P,2024-07-03,0.0
B09KSXP3HN,2024-07-03,212.6
B09KSYL73R,2024-07-03,46.22
B09KT5HMNY,2024-07-03,0.0
B09KTFXX6L,2024-07-03,0.0
B09KTJRHC7,2024-07-03,56.86
B09KTMKDKJ,2024-07-03,28.72
B09KTMLQ1N,2024-07-03,338.58
B09MR2FY5D,2024-07-03,377.6
B09MR2MLZH,2024-07-03,0.0
B09MR36MLJ,2024-07-03,0.0
B09MR3XT5G,2024-07-03,474.94
B09KDLQ2GW,2024-07-03,77.56
B09MR3Y296,2024-07-03,0.0
B0B31VFJ6Q,2024-07-03,1.6
B09MR4G722,2024-07-03,0.0
B09MR3RSW8,2024-07-03,0.0
B09X1F1L26,2024-07-03,32.14
B0B31SM3ZR,2024-07-03,0.0
B0B31R1ZBV,2024-07-03,0.0
B09X1JTK49,2024-07-03,0.0
B09X1HV1NL,2024-07-03,52.5
B09X1F8C23,2024-07-03,93.08
B09MR4Z3H8,2024-07-03,28.18
B09MR5WS3Y,2024-07-03,0.0
B09MR5Q6HJ,2024-07-03,0.0
B09MR56Q9N,2024-07-03,0.0
B09MR4Z3H9,2024-07-03,0.0
B0B31T1XMH,2024-07-03,0.0
B0B69B8R3C,2024-07-03,0.0
B0B31VTH56,2024-07-03,0.0
B0B31Y1FDZ,2024-07-03,328.94
B0B699PLXD,2024-07-03,0.0
B09MR4B13C,2024-07-03,60.26
B0B69C4GST,2024-07-03,0.0
B0B69DD2C7,2024-07-03,0.0
B0B69DK8JN,2024-07-03,0.0
B0B69FBGN1,2024-07-03,0.0
B0B69GN5KJ,2024-07-03,0.0
B0B69SF1BT,2024-07-03,0.0
B0BDRQWBK9,2024-07-03,0.0
B0BDRTZTGX,2024-07-03,0.0
B0BDRS6R5Z,2024-07-03,0.0
B0B31V3PKG,2024-07-03,0.0
B0BG2PD396,2024-07-03,0.0
B0BNKZKGFG,2024-07-03,0.0
B0BRCXDHBX,2024-07-03,0.0
B0BG2T78CJ,2024-07-03,0.0
B0BG2Z8CY4,2024-07-03,0.0
B0BGDWGRQB,2024-07-03,0.0
B0BGDX2Z3L,2024-07-03,262.52
B0BGDXM13S,2024-07-03,0.0
B0BGDXV7FD,2024-07-03,0.0
B0BGDZLDX2,2024-07-03,0.0
B0BNKYZD2Z,2024-07-03,0.0
B0BNKZ88Z5,2024-07-03,0.0
B0BNKZ9BJR,2024-07-03,0.0
B0BNKZCWFL,2024-07-03,0.0
B0BNL43XHH,2024-07-03,0.0
B0BNKXC5H1,2024-07-03,0.0
B0BNL11QD8,2024-07-03,0.0
B0BNL4Y2J9,2024-07-03,0.0
B0BRCW79VK,2024-07-03,0.0
B0BRCW2B64,2024-07-03,0.0
B0BNL7TJRT,2024-07-03,0.0
B0BNL5BKMK,2024-07-03,0.0
B0BRCXCXCV,2024-07-03,0.0
B0BNL4S6MB,2024-07-03,0.0
B0BNL3RDG4,2024-07-03,0.0
B0BNL3J36Z,2024-07-03,0.0
B0BRCXJ1F6,2024-07-03,0.0
B0BRDCJWJC,2024-07-03,0.0
B0CFV6V981,2024-07-03,-1.7
B0BG2QXQ9V,2024-07-03,0.0
B0BRCXJRX6,2024-07-03,281.38
B0BRCXQMS5,2024-07-03,107.8
B0BRCXQRC9,2024-07-03,22.98
B0BRCXSTKW,2024-07-03,0.0
B0BRCXXBG2,2024-07-03,0.0
B0BRCY8QMH,2024-07-03,0.0
B0BRCYJ33N,2024-07-03,43.58
B0BRCXP7VN,2024-07-03,0.0
B0BRCYK4JK,2024-07-03,20.44
B0BRCYQNSW,2024-07-03,131.3
B0BRCYV77T,2024-07-03,1.08
B0BRDCBGFD,2024-07-03,0.0
B0BRCYJ4SR,2024-07-03,0.0
B0C9JLKFPZ,2024-07-03,1.1
B0BSLWJKSX,2024-07-03,0.0
B0CY5LR4VX,2024-07-03,184.04
B0CY5KFQBD,2024-07-03,0.0
B0CR4C98FS,2024-07-03,168.6
B0CR4C5WXS,2024-07-03,0.0
B0CY5QQ49F,2024-07-03,0.0
B0CR4BGLK5,2024-07-03,0.0
B0CR4BG4ZW,2024-07-03,163.74
B0CR49NR3B,2024-07-03,0.0
B0CR49N6MQ,2024-07-03,-3.38
B0CR49BQRS,2024-07-03,0.0
B0CR4BK4FW,2024-07-03,0.0
B09KDW1YKQ,2024-07-04,0.0
B09KDVXTP4,2024-07-04,0.0
B09KDTS4DC,2024-07-04,0.0
B09KDTHJ6V,2024-07-04,0.0
B09KDPXYG3,2024-07-04,0.0
B09KDQ2BWY,2024-07-04,0.0
B09KDNYCYR,2024-07-04,0.0
B09KDN7PYR,2024-07-04,0.0
B09MR3Y296,2024-07-04,0.0
B09KDR64LT,2024-07-04,0.0
B09KDXJJ6W,2024-07-04,0.0
B09MR36MLJ,2024-07-04,0.0
B09KDZQJ6P,2024-07-04,0.0
B09KSXP3HN,2024-07-04,93.9
B09KSYL73R,2024-07-04,344.1
B09KT5HMNY,2024-07-04,0.0
B09KTF8ZDQ,2024-07-04,0.0
B09KTFXX6L,2024-07-04,35.76
B09KTJRHC7,2024-07-04,335.76
B09KTMKDKJ,2024-07-04,97.98
B09KTMLQ1N,2024-07-04,913.52
B09MR2FY5D,2024-07-04,1304.14
B09MR2MLZH,2024-07-04,0.0
B09MR4B13C,2024-07-04,423.24
B09KDYY3SB,2024-07-04,506.64
B09KDLQ2GW,2024-07-04,507.92
B0B69C4GST,2024-07-04,0.0
B0BDRS6R5Z,2024-07-04,0.0
B09MR3RSW8,2024-07-04,0.0
B09X1F8C23,2024-07-04,415.64
B0B31T1XMH,2024-07-04,0.0
B0B31SM3ZR,2024-07-04,0.0
B0B31R1ZBV,2024-07-04,0.0
B09X1JTK49,2024-07-04,0.0
B09X1HV1NL,2024-07-04,576.62
B09MR4Z3H9,2024-07-04,0.0
B09X1F1L26,2024-07-04,11.22
B09MR5WS3Y,2024-07-04,0.0
B09MR5Q6HJ,2024-07-04,0.0
B09MR56Q9N,2024-07-04,0.0
B0B31VFJ6Q,2024-07-04,140.42
B0B31V3PKG,2024-07-04,0.0
B0B31VTH56,2024-07-04,0.0
B0B31Y1FDZ,2024-07-04,1056.64
B0B699PLXD,2024-07-04,0.0
B0B69B8R3C,2024-07-04,0.0
B09MR4G722,2024-07-04,0.0
B0B69DD2C7,2024-07-04,0.0
B0B69DK8JN,2024-07-04,0.0
B0B69FBGN1,2024-07-04,0.0
B0B69GN5KJ,2024-07-04,0.0
B0B69SF1BT,2024-07-04,0.0
B0BDRQWBK9,2024-07-04,0.0
B09MR4Z3H8,2024-07-04,363.88
B09MR3XT5G,2024-07-04,494.24
B0BDRTZTGX,2024-07-04,0.0
B0BG2PD396,2024-07-04,0.0
B0BRCXJRX6,2024-07-04,28.86
B0BNL11QD8,2024-07-04,0.0
B0BRCXJ1F6,2024-07-04,0.0
B0BGDWGRQB,2024-07-04,0.0
B0BGDX2Z3L,2024-07-04,28.86
B0BGDXM13S,2024-07-04,0.0
B0BGDXV7FD,2024-07-04,0.0
B0BGDZLDX2,2024-07-04,0.0
B0BNKXC5H1,2024-07-04,0.0
B0BNKYZD2Z,2024-07-04,0.0
B0BNKZ88Z5,2024-07-04,0.0
B0BNKZ9BJR,2024-07-04,0.0
B0BNKZCWFL,2024-07-04,0.0
B0BNKZKGFG,2024-07-04,0.0
B0BG2Z8CY4,2024-07-04,0.0
B0BNL3J36Z,2024-07-04,0.0
B0BNL5BKMK,2024-07-04,0.0
B0BRCXDHBX,2024-07-04,0.0
B0BRCXCXCV,2024-07-04,47.32
B0BRCW79VK,2024-07-04,38.16
B0BNL7TJRT,2024-07-04,0.0
B0BRCW2B64,2024-07-04,63.16
B0BNL4Y2J9,2024-07-04,0.0
B0BNL4S6MB,2024-07-04,0.0
B0BNL43XHH,2024-07-04,0.0
B0BSLWJKSX,2024-07-04,0.0
B0BRCXQMS5,2024-07-04,738.24
B0BNL3RDG4,2024-07-04,0.0
B0CY5QQ49F,2024-07-04,54.44
B0BG2QXQ9V,2024-07-04,0.0
B0BRCXP7VN,2024-07-04,0.0
B0BRCXQRC9,2024-07-04,26.02
B0BRCXSTKW,2024-07-04,0.0
B0BRCXXBG2,2024-07-04,0.0
B0BRCY8QMH,2024-07-04,0.0
B0BRCYJ33N,2024-07-04,376.28
B0BG2T78CJ,2024-07-04,0.0
B0BRCYK4JK,2024-07-04,28.86
B0BRCYQNSW,2024-07-04,347.66
B0BRCYV77T,2024-07-04,185.12
B0BRDCBGFD,2024-07-04,0.0
B0BRCYJ4SR,2024-07-04,0.0
B0C9JLKFPZ,2024-07-04,160.96
B0BRDCJWJC,2024-07-04,51.82
B0CY5KFQBD,2024-07-04,0.0
B0CR4C98FS,2024-07-04,35.72
B0CR4C5WXS,2024-07-04,0.0
B0CR4BK4FW,2024-07-04,0.0
B0CY5LR4VX,2024-07-04,35.06
B0CR4BG4ZW,2024-07-04,137.54
B0CR49NR3B,2024-07-04,0.0
B0CR49N6MQ,2024-07-04,14.9
B0CR49BQRS,2024-07-04,0.0
B0CFV6V981,2024-07-04,-1.52
B0CR4BGLK5,2024-07-04,51.92
B09KDW1YKQ,2024-07-05,0.0
B09KDVXTP4,2024-07-05,0.0
B09KDTS4DC,2024-07-05,0.0
B09KDTHJ6V,2024-07-05,0.0
B09KDPXYG3,2024-07-05,0.0
B09KDQ2BWY,2024-07-05,0.0
B0BG2PD396,2024-07-05,0.0
B09KDN7PYR,2024-07-05,0.0
B09MR3Y296,2024-07-05,0.0
B09KDR64LT,2024-07-05,0.0
B09KDXJJ6W,2024-07-05,0.0
B09MR36MLJ,2024-07-05,0.0
B09KDZQJ6P,2024-07-05,0.0
B09KSXP3HN,2024-07-05,612.02
B09KSYL73R,2024-07-05,265.8
B09KT5HMNY,2024-07-05,0.0
B09KTF8ZDQ,2024-07-05,0.0
B09KTFXX6L,2024-07-05,158.44
B09KTJRHC7,2024-07-05,234.26
B09KTMKDKJ,2024-07-05,62.32
B09KTMLQ1N,2024-07-05,545.02
B09MR2FY5D,2024-07-05,1241.9
B09MR2MLZH,2024-07-05,0.0
B09MR4B13C,2024-07-05,280.88
B09KDYY3SB,2024-07-05,416.08
B09KDNYCYR,2024-07-05,0.0
B0BDRS6R5Z,2024-07-05,0.0
B09MR4G722,2024-07-05,0.0
B09MR3RSW8,2024-07-05,0.0
B09X1F8C23,2024-07-05,261.5
B0B31T1XMH,2024-07-05,0.0
B0B31SM3ZR,2024-07-05,0.0
B0B31R1ZBV,2024-07-05,0.0
B09X1JTK49,2024-07-05,0.0
B09X1HV1NL,2024-07-05,20.56
B09MR5WS3Y,2024-07-05,0.0
B09X1F1L26,2024-07-05,22.06
B0B31VFJ6Q,2024-07-05,140.64
B09MR5Q6HJ,2024-07-05,0.0
B09MR56Q9N,2024-07-05,0.0
B09MR4Z3H9,2024-07-05,0.0
B0B31V3PKG,2024-07-05,0.0
B0B31VTH56,2024-07-05,0.0
B0B31Y1FDZ,2024-07-05,682.72
B0B699PLXD,2024-07-05,0.0
B0B69B8R3C,2024-07-05,0.0
B0B69C4GST,2024-07-05,0.0
B0B69DD2C7,2024-07-05,0.0
B0B69DK8JN,2024-07-05,0.0
B0B69FBGN1,2024-07-05,0.0
B09KDLQ2GW,2024-07-05,297.5
B0B69SF1BT,2024-07-05,0.0
B0BDRQWBK9,2024-07-05,0.0
B09MR4Z3H8,2024-07-05,425.78
B09MR3XT5G,2024-07-05,652.6
B0BRCXSTKW,2024-07-05,0.0
B0B69GN5KJ,2024-07-05,0.0
B0BRCXJRX6,2024-07-05,21.36
B0BNL11QD8,2024-07-05,0.0
B0BRCXJ1F6,2024-07-05,0.0
B0BGDWGRQB,2024-07-05,0.0
B0BGDX2Z3L,2024-07-05,38.66
B0BGDXM13S,2024-07-05,0.0
B0BGDXV7FD,2024-07-05,0.0
B0BGDZLDX2,2024-07-05,0.0
B0BNKXC5H1,2024-07-05,0.0
B0BNKYZD2Z,2024-07-05,0.0
B0BNKZ88Z5,2024-07-05,0.0
B0BNKZ9BJR,2024-07-05,0.0
B0BNKZCWFL,2024-07-05,0.0
B0BNKZKGFG,2024-07-05,0.0
B0BG2Z8CY4,2024-07-05,0.0
B0BNL3J36Z,2024-07-05,0.0
B0BNL5BKMK,2024-07-05,0.0
B0BRCXDHBX,2024-07-05,0.0
B0BRCXCXCV,2024-07-05,147.58
B0BRCW79VK,2024-07-05,47.84
B0BNL7TJRT,2024-07-05,0.0
B0BRCW2B64,2024-07-05,242.22
B0BNL4Y2J9,2024-07-05,0.0
B0BDRTZTGX,2024-07-05,0.0
B0BNL43XHH,2024-07-05,0.0
B0BSLWJKSX,2024-07-05,0.0
B0BRCXQMS5,2024-07-05,747.94
B0BNL4S6MB,2024-07-05,0.0
B0CY5QQ49F,2024-07-05,186.34
B0BG2T78CJ,2024-07-05,0.0
B0BRCXP7VN,2024-07-05,0.0
B0BRCXQRC9,2024-07-05,178.7
B0BNL3RDG4,2024-07-05,0.0
B0BRCXXBG2,2024-07-05,0.0
B0BRCY8QMH,2024-07-05,0.0
B0BRCYJ33N,2024-07-05,277.38
B0BRCYJ4SR,2024-07-05,0.0
B0BRCYK4JK,2024-07-05,45.56
B0BRCYQNSW,2024-07-05,281.2
B0BRCYV77T,2024-07-05,455.44
B0BRDCBGFD,2024-07-05,0.0
B0BG2QXQ9V,2024-07-05,0.0
B0C9JLKFPZ,2024-07-05,117.1
B0CY5LR4VX,2024-07-05,25.96
B0CY5KFQBD,2024-07-05,35.94
B0CR4C98FS,2024-07-05,19.12
B0BRDCJWJC,2024-07-05,181.44
B0CR4BK4FW,2024-07-05,0.0
B0CR4C5WXS,2024-07-05,0.0
B0CR4BG4ZW,2024-07-05,20.18
B0CR49NR3B,2024-07-05,0.0
B0CR49N6MQ,2024-07-05,-1.58
B0CR49BQRS,2024-07-05,0.0
B0CFV6V981,2024-07-05,50.38
B0CR4BGLK5,2024-07-05,181.22
B09KDVXTP4,2024-07-06,0.0
B09KDTS4DC,2024-07-06,0.0
B09KDTHJ6V,2024-07-06,0.0
B09KDR64LT,2024-07-06,0.0
B0B69GN5KJ,2024-07-06,0.0
B09KDPXYG3,2024-07-06,0.0
B09KDNYCYR,2024-07-06,0.0
B09KDN7PYR,2024-07-06,0.0
B09KDLQ2GW,2024-07-06,14.54
B09KDQ2BWY,2024-07-06,0.0
B09KDW1YKQ,2024-07-06,0.0
B09KTF8ZDQ,2024-07-06,0.0
B09KDYY3SB,2024-07-06,239.86
B09KSXP3HN,2024-07-06,417.56
B09KSYL73R,2024-07-06,153.42
B09KT5HMNY,2024-07-06,0.0
B09KTFXX6L,2024-07-06,408.62
B09KTJRHC7,2024-07-06,158.3
B09KTMKDKJ,2024-07-06,14.3
B09KTMLQ1N,2024-07-06,373.66
B09MR2FY5D,2024-07-06,774.84
B09MR2MLZH,2024-07-06,0.0
B09MR36MLJ,2024-07-06,0.0
B09KDXJJ6W,2024-07-06,0.0
B09MR3RSW8,2024-07-06,0.0
B0B31R1ZBV,2024-07-06,0.0
B09MR3Y296,2024-07-06,0.0
B09X1HV1NL,2024-07-06,21.7
B09MR4B13C,2024-07-06,337.32
B09MR4G722,2024-07-06,0.0
B09MR4Z3H8,2024-07-06,322.34
B09MR4Z3H9,2024-07-06,0.0
B09MR56Q9N,2024-07-06,0.0
B09MR5Q6HJ,2024-07-06,0.0
B09MR5WS3Y,2024-07-06,0.0
B09X1DHRLN,2024-07-06,0.0
B09X1F1L26,2024-07-06,6.94
B09X1F8C23,2024-07-06,170.34
B0B69DD2C7,2024-07-06,0.0
B09X1JTK49,2024-07-06,0.0
B0B31SM3ZR,2024-07-06,0.0
B0B31T1XMH,2024-07-06,0.0
B0B31V3PKG,2024-07-06,0.0
B0B31VFJ6Q,2024-07-06,143.38
B0B31VTH56,2024-07-06,0.0
B0B31Y1FDZ,2024-07-06,922.92
B0B699PLXD,2024-07-06,0.0
B0B69B8R3C,2024-07-06,0.0
B0B69C4GST,2024-07-06,0.0
B09MR3XT5G,2024-07-06,546.56
B09KDZQJ6P,2024-07-06,0.0
B0B69DK8JN,2024-07-06,0.0
B0B69SF1BT,2024-07-06,0.0
B0BRCXQRC9,2024-07-06,20.76
B0BRCXP7VN,2024-07-06,0.0
B0BDRQWBK9,2024-07-06,0.0
B0BDRTZTGX,2024-07-06,0.0
B0BG2PD396,2024-07-06,0.0
B0BG2T78CJ,2024-07-06,0.0
B0BG2VYWSG,2024-07-06,0.0
B0BGDWGRQB,2024-07-06,0.0
B0BGDXM13S,2024-07-06,0.0
B0BGDXV7FD,2024-07-06,0.0
B0BGDZLDX2,2024-07-06,0.0
B0BGDX2Z3L,2024-07-06,380.26
B0BNKZ9BJR,2024-07-06,0.0
B0BNL7TJRT,2024-07-06,0.0
B0BRCXDHBX,2024-07-06,0.0
B0BRCXCXCV,2024-07-06,36.3
B0BRCW79VK,2024-07-06,24.98
B0BRCW2B64,2024-07-06,38.06
B0BRCXJRX6,2024-07-06,96.68
B0BNL5BKMK,2024-07-06,0.0
B0BNL4Y2J9,2024-07-06,0.0
B0BNL3J36Z,2024-07-06,0.0
B0BNKZCWFL,2024-07-06,0.0
B0B69FBGN1,2024-07-06,0.0
B0BNKZ88Z5,2024-07-06,0.0
B0BRCXQMS5,2024-07-06,29.66
B0BNKYZD2Z,2024-07-06,0.0
B0BRCXSTKW,2024-07-06,0.0
B0BSLWJKSX,2024-07-06,0.0
B0BRCY8QMH,2024-07-06,0.0
B0BRCYJ33N,2024-07-06,257.7
B0BRCYJ4SR,2024-07-06,0.0
B0BRCYK4JK,2024-07-06,480.76
B0BRCYQNSW,2024-07-06,86.66
B0BRCYV77T,2024-07-06,270.4
B0BRDCBGFD,2024-07-06,0.0
B0BRDCJWJC,2024-07-06,38.4
B0BSLTV9FL,2024-07-06,0.0
B0C9JLKFPZ,2024-07-06,22.76
B0CFV6V981,2024-07-06,25.4
B0BRCXXBG2,2024-07-06,0.0
B0CR49N6MQ,2024-07-06,15.52
B0CR49NR3B,2024-07-06,0.0
B0CR4BG4ZW,2024-07-06,19.78
B0CR4BGLK5,2024-07-06,36.04
B0CR4BK4FW,2024-07-06,0.0
B0CR4C5WXS,2024-07-06,0.0
B0CR4C98FS,2024-07-06,167.9
B0CY5KFQBD,2024-07-06,35.76
B0CY5LR4VX,2024-07-06,32.1
B0CY5QQ49F,2024-07-06,198.58
B0CR49BQRS,2024-07-06,0.0
B09MR36MLJ,2024-07-07,0.0
B09KDVXTP4,2024-07-07,0.0
B09KDTS4DC,2024-07-07,0.0
B09KDTHJ6V,2024-07-07,0.0
B09KDR64LT,2024-07-07,0.0
B0B69GN5KJ,2024-07-07,0.0
B09KDPXYG3,2024-07-07,0.0
B09KDNYCYR,2024-07-07,0.0
B09KDN7PYR,2024-07-07,0.0
B09KDW1YKQ,2024-07-07,0.0
B09KDQ2BWY,2024-07-07,0.0
B09KDXJJ6W,2024-07-07,0.0
B09KT5HMNY,2024-07-07,0.0
B09KDZQJ6P,2024-07-07,0.0
B09KSXP3HN,2024-07-07,725.78
B09KSYL73R,2024-07-07,198.86
B09MR2MLZH,2024-07-07,0.0
B09KTF8ZDQ,2024-07-07,0.0
B09KTFXX6L,2024-07-07,337.24
B09KTJRHC7,2024-07-07,213.32
B09KTMKDKJ,2024-07-07,-2.96
B09KTMLQ1N,2024-07-07,319.06
B09MR2FY5D,2024-07-07,25.16
B09KDYY3SB,2024-07-07,533.76
B09MR3RSW8,2024-07-07,0.0
B09MR4B13C,2024-07-07,159.32
B09MR3Y296,2024-07-07,0.0
B09X1JTK49,2024-07-07,0.0
B09MR4G722,2024-07-07,0.0
B09MR4Z3H8,2024-07-07,177.32
B09MR4Z3H9,2024-07-07,0.0
B09MR56Q9N,2024-07-07,0.0
B09MR5Q6HJ,2024-07-07,0.0
B09MR5WS3Y,2024-07-07,0.0
B09X1DHRLN,2024-07-07,0.0
B09X1F1L26,2024-07-07,18.5
B09X1F8C23,2024-07-07,150.4
B09X1HV1NL,2024-07-07,-6.56
B0B31VTH56,2024-07-07,0.0
B0B31R1ZBV,2024-07-07,0.0
B0B31SM3ZR,2024-07-07,0.0
B0B31T1XMH,2024-07-07,0.0
B0B31V3PKG,2024-07-07,0.0
B09MR3XT5G,2024-07-07,638.66
B0B31Y1FDZ,2024-07-07,928.48
B0B699PLXD,2024-07-07,0.0
B0B69B8R3C,2024-07-07,0.0
B0B69C4GST,2024-07-07,0.0
B0B69DD2C7,2024-07-07,0.0
B0B69DK8JN,2024-07-07,0.0
B09KDLQ2GW,2024-07-07,-2.88
B0B69FBGN1,2024-07-07,0.0
B0BRCYV77T,2024-07-07,311.72
B0B69SF1BT,2024-07-07,0.0
B0BDRTZTGX,2024-07-07,0.0
B0BG2PD396,2024-07-07,0.0
B0BG2T78CJ,2024-07-07,0.0
B0BG2VYWSG,2024-07-07,0.0
B0BGDWGRQB,2024-07-07,0.0
B0BGDX2Z3L,2024-07-07,1.54
B0BDRQWBK9,2024-07-07,0.0
B0BGDXV7FD,2024-07-07,0.0
B0BGDZLDX2,2024-07-07,0.0
B0BNKYZD2Z,2024-07-07,0.0
B0BGDXM13S,2024-07-07,0.0
B0BNKZ9BJR,2024-07-07,0.0
B0BRCW2B64,2024-07-07,24.5
B0BNKZCWFL,2024-07-07,0.0
B0BRCXDHBX,2024-07-07,0.0
B0BRCXCXCV,2024-07-07,23.04
B0BRCW79VK,2024-07-07,18.74
B0BRCXJRX6,2024-07-07,14.28
B0BNL7TJRT,2024-07-07,0.0
B0BNL5BKMK,2024-07-07,0.0
B0BNL4Y2J9,2024-07-07,0.0
B0BNL3J36Z,2024-07-07,0.0
B0B31VFJ6Q,2024-07-07,63.86
B0BNKZ88Z5,2024-07-07,0.0
B0BRCXQMS5,2024-07-07,286.76
B0BRCXP7VN,2024-07-07,0.0
B0BRCXSTKW,2024-07-07,0.0
B0BRCXQRC9,2024-07-07,6.6
B0BRCXXBG2,2024-07-07,0.0
B0BRCY8QMH,2024-07-07,0.0
B0BRCYJ33N,2024-07-07,179.2
B0BRCYJ4SR,2024-07-07,0.0
B0BRCYK4JK,2024-07-07,316.64
B0CY5QQ49F,2024-07-07,22.56
B0BRDCBGFD,2024-07-07,0.0
B0BRDCJWJC,2024-07-07,24.76
B0BSLTV9FL,2024-07-07,0.0
B0BSLWJKSX,2024-07-07,0.0
B0BRCYQNSW,2024-07-07,133.02
B0CFV6V981,2024-07-07,38.7
B0CR49BQRS,2024-07-07,0.0
B0CR49N6MQ,2024-07-07,17.68
B0CR49NR3B,2024-07-07,0.0
B0CR4BG4ZW,2024-07-07,0.66
B0CR4BGLK5,2024-07-07,22.52
B0CR4BK4FW,2024-07-07,0.0
B0CR4C5WXS,2024-07-07,0.0
B0CR4C98FS,2024-07-07,23.18
B0CY5KFQBD,2024-07-07,35.74
B0C9JLKFPZ,2024-07-07,20.92
B0CY5LR4VX,2024-07-07,63.4
B09KDTHJ6V,2024-07-08,0.0
B09KDR64LT,2024-07-08,0.0
B09KDQ2BWY,2024-07-08,0.0
B09KDPXYG3,2024-07-08,0.0
B09MR36MLJ,2024-07-08,0.0
B09KDN7PYR,2024-07-08,0.0
B0B69SF1BT,2024-07-08,0.0
B09KDLQ2GW,2024-07-08,-6.42
B09KDNYCYR,2024-07-08,0.0
B09KDTS4DC,2024-07-08,0.0
B09KTMLQ1N,2024-07-08,355.56
B09KDW1YKQ,2024-07-08,0.0
B09KDXJJ6W,2024-07-08,0.0
B09KDYY3SB,2024-07-08,320.72
B09KDZQJ6P,2024-07-08,0.0
B09KSYL73R,2024-07-08,207.68
B09KT5HMNY,2024-07-08,0.0
B09KTF8ZDQ,2024-07-08,0.0
B09KTFXX6L,2024-07-08,364.26
B09KTJRHC7,2024-07-08,161.68
B09MR3RSW8,2024-07-08,0.0
B09KDVXTP4,2024-07-08,0.0
B09KTMKDKJ,2024-07-08,25.22
B09X1HV1NL,2024-07-08,-5.42
B0B69FBGN1,2024-07-08,0.0
B09MR2FY5D,2024-07-08,1011.54
B09MR56Q9N,2024-07-08,0.0
B09X1DHRLN,2024-07-08,0.0
B09MR5WS3Y,2024-07-08,0.0
B09MR5Q6HJ,2024-07-08,0.0
B09MR4G722,2024-07-08,0.0
B09MR4Z3H9,2024-07-08,0.0
B09MR4Z3H8,2024-07-08,27.38
B09X1F8C23,2024-07-08,187.66
B09MR4B13C,2024-07-08,238.96
B09MR3Y296,2024-07-08,0.0
B09X1F1L26,2024-07-08,180.72
B09X1JTK49,2024-07-08,0.0
B0B31R1ZBV,2024-07-08,0.0
B09MR3XT5G,2024-07-08,593.54
B0B31V3PKG,2024-07-08,0.0
B0B31VFJ6Q,2024-07-08,59.42
B0B31Y1FDZ,2024-07-08,1109.36
B0B699PLXD,2024-07-08,0.0
B0B69C4GST,2024-07-08,0.0
B0B69DD2C7,2024-07-08,0.0
B0B69DK8JN,2024-07-08,0.0
B0B31T1XMH,2024-07-08,0.0
B09KSXP3HN,2024-07-08,626.28
B0BDRQWBK9,2024-07-08,0.0
B0BGDZLDX2,2024-07-08,0.0
B0BNKZ9BJR,2024-07-08,0.0
B0BRCXP7VN,2024-07-08,0.0
B0BG2Z8CY4,2024-07-08,0.0
B0BGDWGRQB,2024-07-08,0.0
B0BGDX2Z3L,2024-07-08,7.48
B0BGDXM13S,2024-07-08,0.0
B0BGDXV7FD,2024-07-08,0.0
B0BNKYZD2Z,2024-07-08,0.0
B0BNKZ88Z5,2024-07-08,0.0
B0BDRTZTGX,2024-07-08,0.0
B0BNL13PNY,2024-07-08,0.0
B0BRCW2B64,2024-07-08,-1.62
B0BRCXDHBX,2024-07-08,0.0
B0BRCXCXCV,2024-07-08,-1.6
B0BRCW79VK,2024-07-08,-1.6
B0BRCXJRX6,2024-07-08,142.04
B0BNL5BKMK,2024-07-08,0.0
B0BNL4Y2J9,2024-07-08,0.0
B0BNL4CB4X,2024-07-08,0.0
B0B69GN5KJ,2024-07-08,0.0
B0BNL3J36Z,2024-07-08,0.0
B0BRCXQMS5,2024-07-08,769.58
B0CFV6V981,2024-07-08,194.78
B0BG2PD396,2024-07-08,0.0
B0BDRS6R5Z,2024-07-08,0.0
B0CR49BQRS,2024-07-08,0.0
B0BRCXXBG2,2024-07-08,0.0
B0BRCY8QMH,2024-07-08,0.0
B0BRCYJ33N,2024-07-08,251.24
B0BRCYJ4SR,2024-07-08,0.0
B0BRCYK4JK,2024-07-08,75.96
B0BRCYQNSW,2024-07-08,230.74
B0BRCYV77T,2024-07-08,235.9
B0BRCXSTKW,2024-07-08,0.0
B0BRDCJWJC,2024-07-08,-1.62
B0C9JLKFPZ,2024-07-08,18.66
B0CR49N6MQ,2024-07-08,18.68
B0BRDCBGFD,2024-07-08,0.0
B0CR49NR3B,2024-07-08,0.0
B0CY5QQ49F,2024-07-08,28.76
B0BRCXQRC9,2024-07-08,128.1
B0CY5KFQBD,2024-07-08,63.58
B0CR4C98FS,2024-07-08,14.84
B0CY5LR4VX,2024-07-08,726.38
B0CR4BK4FW,2024-07-08,0.0
B0CR4BGLK5,2024-07-08,48.98
B0CR4BG4ZW,2024-07-08,11.86
B0CR4C5WXS,2024-07-08,0.0
B09KDTS4DC,2024-07-09,0.0
B0BDRS6R5Z,2024-07-09,0.0
B09KDLQ2GW,2024-07-09,-5.42
B09KDN7PYR,2024-07-09,0.0
B09KDNYCYR,2024-07-09,0.0
B09KDQ2BWY,2024-07-09,0.0
B09KDR64LT,2024-07-09,0.0
B09KDXJJ6W,2024-07-09,0.0
B09KDTHJ6V,2024-07-09,0.0
B09KDVXTP4,2024-07-09,0.0
B09MR2FY5D,2024-07-09,938.5
B09KDYY3SB,2024-07-09,222.62
B09MR36MLJ,2024-07-09,0.0
B09KSXP3HN,2024-07-09,368.16
B09KT5HMNY,2024-07-09,0.0
B09KTF8ZDQ,2024-07-09,0.0
B09KTFXX6L,2024-07-09,309.48
B09KTJRHC7,2024-07-09,335.78
B09KTMKDKJ,2024-07-09,33.84
B09KTMLQ1N,2024-07-09,301.36
B09MR3RSW8,2024-07-09,0.0
B09KDW1YKQ,2024-07-09,0.0
B09KDZQJ6P,2024-07-09,0.0
B09X1JTK49,2024-07-09,0.0
B09MR3XT5G,2024-07-09,574.8
B09MR4G722,2024-07-09,0.0
B09MR4Z3H8,2024-07-09,123.06
B09MR4Z3H9,2024-07-09,0.0
B09MR56Q9N,2024-07-09,48.24
B09MR5WS3Y,2024-07-09,0.0
B09X1DHRLN,2024-07-09,0.0
B09X1F1L26,2024-07-09,26.94
B09X1F8C23,2024-07-09,111.9
B09X1HV1NL,2024-07-09,-0.92
B09MR4B13C,2024-07-09,151.34
B0B31VFJ6Q,2024-07-09,293.6
B0B31R1ZBV,2024-07-09,0.0
B0B31SM3ZR,2024-07-09,0.0
B0B31T1XMH,2024-07-09,0.0
B0B31V3PKG,2024-07-09,0.0
B0B31Y1FDZ,2024-07-09,-16.06
B0B699PLXD,2024-07-09,0.0
B0B69C4GST,2024-07-09,0.0
B0B69DD2C7,2024-07-09,0.0
B0B69DK8JN,2024-07-09,0.0
B0B69N4B1S,2024-07-09,0.0
B09MR3Y296,2024-07-09,0.0
B09MR2MLZH,2024-07-09,0.0
B09KSYL73R,2024-07-09,204.84
B0BNKYZD2Z,2024-07-09,0.0
B0BNL13PNY,2024-07-09,0.0
B0BRCXP7VN,2024-07-09,0.0
B0BG2T78CJ,2024-07-09,0.0
B0BGDWGRQB,2024-07-09,0.0
B0BGDX2Z3L,2024-07-09,22.86
B0BGDXM13S,2024-07-09,0.0
B0BGDXV7FD,2024-07-09,50.26
B0BGDZLDX2,2024-07-09,0.0
B0BNKZ88Z5,2024-07-09,0.0
B0BNKZ9BJR,2024-07-09,0.0
B0BRCXQMS5,2024-07-09,732.8
B0BG2PD396,2024-07-09,0.0
B0BNL3RDG4,2024-07-09,0.0
B0BRCXJRX6,2024-07-09,8.52
B0BNL4Y2J9,2024-07-09,0.0
B0BNL5BKMK,2024-07-09,0.0
B0BRCW2B64,2024-07-09,-5.1
B0BRCW79VK,2024-07-09,32.86
B0BRCXCXCV,2024-07-09,-5.18
B0BRCXDHBX,2024-07-09,0.0
B0BNL3J36Z,2024-07-09,0.0
B0BDRQWBK9,2024-07-09,0.0
B0BNL1CG6X,2024-07-09,0.0
B0CY5QQ49F,2024-07-09,-6.3
B0BNKZBJX2,2024-07-09,0.0
B0CY5LR4VX,2024-07-09,787.96
B0BRCXSTKW,2024-07-09,0.0
B0BDRTZTGX,2024-07-09,0.0
B0BRCXQRC9,2024-07-09,86.28
B0BRCXXBG2,2024-07-09,0.0
B0BRCY8QMH,2024-07-09,0.0
B0BRCYJ33N,2024-07-09,180.22
B0BRCYJ4SR,2024-07-09,0.0
B0BRCYQNSW,2024-07-09,196.02
B0BRCYV77T,2024-07-09,324.16
B0BRDCBGFD,2024-07-09,0.0
B0BRDCJWJC,2024-07-09,-5.1
B0BRCYK4JK,2024-07-09,331.98
B0CY5KFQBD,2024-07-09,211.28
B0CFV6V981,2024-07-09,43.02
B0CR49BQRS,2024-07-09,38.84
B0CR49N6MQ,2024-07-09,54.1
B0CR49NR3B,2024-07-09,0.0
B0CR4BG4ZW,2024-07-09,142.26
B0CR4BGLK5,2024-07-09,32.78
B0CR4BK4FW,2024-07-09,0.0
B0CR4C5WXS,2024-07-09,0.0
B0CR4C98FS,2024-07-09,26.9
B0C9JLKFPZ,2024-07-09,36.32
B09KDTS4DC,2024-07-10,0.0
B09KDTHJ6V,2024-07-10,0.0
B09KDR64LT,2024-07-10,0.0
B09KDQ2BWY,2024-07-10,0.0
B09KDPXYG3,2024-07-10,0.0
B09MR3Y296,2024-07-10,0.0
B09KDN7PYR,2024-07-10,0.0
B0BDRQWBK9,2024-07-10,0.0
B09MR3XT5G,2024-07-10,710.34
B09KDVXTP4,2024-07-10,0.0
B09KDNYCYR,2024-07-10,0.0
B09KDW1YKQ,2024-07-10,0.0
B09MR2FY5D,2024-07-10,60.48
B09KDYY3SB,2024-07-10,-4.38
B09KDZQJ6P,2024-07-10,0.0
B09KSXP3HN,2024-07-10,385.3
B09KSYL73R,2024-07-10,53.22
B09KT5HMNY,2024-07-10,0.0
B09KTF8ZDQ,2024-07-10,0.0
B09KTFXX6L,2024-07-10,173.64
B09KTJRHC7,2024-07-10,360.38
B09KTMKDKJ,2024-07-10,29.7
B09KTMLQ1N,2024-07-10,356.72
B09KDLQ2GW,2024-07-10,-0.62
B09KDXJJ6W,2024-07-10,0.0
B09MR4G722,2024-07-10,0.0
B09X1HV1NL,2024-07-10,18.56
B0B69GN5KJ,2024-07-10,0.0
B09X1F1L26,2024-07-10,51.64
B0B31R1ZBV,2024-07-10,0.0
B09X1JTK49,2024-07-10,0.0
B09MR36MLJ,2024-07-10,0.0
B09X1FWK8Z,2024-07-10,0.0
B09X1F8C23,2024-07-10,22.48
B09MR5WS3Y,2024-07-10,0.0
B09X1DHRLN,2024-07-10,0.0
B09MR56Q9N,2024-07-10,47.78
B09MR4Z3H9,2024-07-10,0.0
B09MR4Z3H8,2024-07-10,2.2
B0B31T1XMH,2024-07-10,0.0
B0B31SM3ZR,2024-07-10,0.0
B0B69N4B1S,2024-07-10,0.0
B0B31V3PKG,2024-07-10,0.0
B0B31VFJ6Q,2024-07-10,290.1
B0B31VTH56,2024-07-10,0.0
B0B31Y1FDZ,2024-07-10,26.42
B0B699PLXD,2024-07-10,0.0
B0B69B8R3C,2024-07-10,0.0
B0B69C4GST,2024-07-10,0.0
B0B69DD2C7,2024-07-10,0.0
B0B69DK8JN,2024-07-10,0.0
B0B69FBGN1,2024-07-10,0.0
B0B69G3YRM,2024-07-10,0.0
B09MR4B13C,2024-07-10,18.12
B09MR3RSW8,2024-07-10,0.0
B09MR2MLZH,2024-07-10,0.0
B0BG2T78CJ,2024-07-10,0.0
B0BNKZCWFL,2024-07-10,0.0
B0BRCXJRX6,2024-07-10,23.32
B0BGDWGRQB,2024-07-10,0.0
B0BGDX2Z3L,2024-07-10,28.08
B0BGDXM13S,2024-07-10,0.0
B0BGDXV7FD,2024-07-10,45.64
B0BGDZLDX2,2024-07-10,0.0
B0BNKYPVM6,2024-07-10,0.0
B0BNKYZD2Z,2024-07-10,0.0
B0BNKZ88Z5,2024-07-10,0.0
B0BNKZ9BJR,2024-07-10,0.0
B0BNKZBJX2,2024-07-10,0.0
B0BG2Z8CY4,2024-07-10,0.0
B0BNL11QD8,2024-07-10,0.0
B0BNL5BKMK,2024-07-10,0.0
B0BNL1CG6X,2024-07-10,0.0
B0BRCXCXCV,2024-07-10,-1.34
B0BRCW79VK,2024-07-10,22.72
B0BRCW2B64,2024-07-10,-1.36
B0BRCXDHBX,2024-07-10,0.0
B0BNL4Y2J9,2024-07-10,0.0
B0BNL4S6MB,2024-07-10,0.0
B0BNL4CB4X,2024-07-10,0.0
B0BNL3RDG4,2024-07-10,0.0
B0B69SF1BT,2024-07-10,0.0
B0BRCXP7VN,2024-07-10,0.0
B0CR4C98FS,2024-07-10,28.18
B0BNL3J36Z,2024-07-10,0.0
B0CY5QQ49F,2024-07-10,-5.56
B0BRCXQRC9,2024-07-10,9.66
B0BRCXQMS5,2024-07-10,44.2
B0BRCXSTKW,2024-07-10,0.0
B0BRCXXBG2,2024-07-10,0.0
B0BRCY8QMH,2024-07-10,0.0
B0BRCYJ33N,2024-07-10,11.36
B0BRCYJ4SR,2024-07-10,0.0
B0BRCYK4JK,2024-07-10,40.8
B0BRCYQNSW,2024-07-10,92.1
B0BRCYV77T,2024-07-10,-0.68
B0BRDCBGFD,2024-07-10,0.0
B0BRDCJWJC,2024-07-10,-1.36
B0BSLWJKSX,2024-07-10,0.0
B0BDRTZTGX,2024-07-10,0.0
B0CFV6V981,2024-07-10,56.88
B0C9JLKFPZ,2024-07-10,4.06
B0CY5LR4VX,2024-07-10,757.1
B0CY5KFQBD,2024-07-10,448.34
B0BG2PD396,2024-07-10,0.0
B0CR4BK4FW,2024-07-10,0.0
B0CR4C5WXS,2024-07-10,0.0
B0CR4BG4ZW,2024-07-10,25.68
B0CR49NR3B,2024-07-10,0.0
B0CR49N6MQ,2024-07-10,100.1
B0CR49BQRS,2024-07-10,45.66
B0CQVLFPBQ,2024-07-10,0.0
B0CR4BGLK5,2024-07-10,37.26
B09KDTHJ6V,2024-07-11,0.0
B09KDVXTP4,2024-07-11,0.0
B09KDTS4DC,2024-07-11,0.0
B09KDR64LT,2024-07-11,0.0
B09MR3XT5G,2024-07-11,554.52
B09KDNYCYR,2024-07-11,0.0
B09KDN7PYR,2024-07-11,0.0
B09KDLQ2GW,2024-07-11,15.04
B0BDRQWBK9,2024-07-11,0.0
B09KDPXYG3,2024-07-11,0.0
B09KDW1YKQ,2024-07-11,0.0
B09KT5HMNY,2024-07-11,0.0
B09KDYY3SB,2024-07-11,1.52
B09KDZQJ6P,2024-07-11,0.0
B09KSXP3HN,2024-07-11,355.86
B09KSYL73R,2024-07-11,223.72
B09KTF8ZDQ,2024-07-11,0.0
B09KTFXX6L,2024-07-11,146.64
B09KTJRHC7,2024-07-11,956.96
B09KTMKDKJ,2024-07-11,3.82
B09KTMLQ1N,2024-07-11,333.12
B09MR2FY5D,2024-07-11,1043.36
B09MR2MLZH,2024-07-11,0.0
B09MR3Y296,2024-07-11,0.0
B09KDXJJ6W,2024-07-11,0.0
B09KDQ2BWY,2024-07-11,0.0
B0B31V3PKG,2024-07-11,0.0
B09MR36MLJ,2024-07-11,0.0
B09X1F1L26,2024-07-11,-1.84
B0B31R1ZBV,2024-07-11,0.0
B09X1JTK49,2024-07-11,0.0
B09X1HV1NL,2024-07-11,38.1
B09X1FWK8Z,2024-07-11,0.0
B09X1F8C23,2024-07-11,54.56
B09MR56Q9N,2024-07-11,37.84
B09X1DHRLN,2024-07-11,0.0
B09MR5WS3Y,2024-07-11,0.0
B09MR4Z3H8,2024-07-11,-0.2
B09MR4Z3H9,2024-07-11,0.0
B0B31T1XMH,2024-07-11,0.0
B0B31SM3ZR,2024-07-11,0.0
B0B69FBGN1,2024-07-11,0.0
B0B31VFJ6Q,2024-07-11,248.46
B0B31VTH56,2024-07-11,0.0
B0B31Y1FDZ,2024-07-11,338.88
B0B699PLXD,2024-07-11,0.0
B0B69B8R3C,2024-07-11,0.0
B0B69C4GST,2024-07-11,0.0
B0B69DD2C7,2024-07-11,0.0
B0B69DK8JN,2024-07-11,0.0
B0B69G3YRM,2024-07-11,0.0
B0B69GN5KJ,2024-07-11,0.0
B0B69N4B1S,2024-07-11,0.0
B09MR4G722,2024-07-11,0.0
B09MR3RSW8,2024-07-11,0.0
B09MR4B13C,2024-07-11,58.14
B0BRCXQMS5,2024-07-11,693.02
B0BNKZCWFL,2024-07-11,0.0
B0BRCXDHBX,2024-07-11,0.0
B0BG2T78CJ,2024-07-11,0.0
B0BG2Z8CY4,2024-07-11,0.0
B0BGDWGRQB,2024-07-11,0.0
B0BGDX2Z3L,2024-07-11,17.2
B0BGDXM13S,2024-07-11,0.0
B0BGDXV7FD,2024-07-11,35.72
B0BGDZLDX2,2024-07-11,0.0
B0BNKYZD2Z,2024-07-11,0.0
B0BNKZ88Z5,2024-07-11,0.0
B0BNKZ9BJR,2024-07-11,0.0
B0BNKZBJX2,2024-07-11,0.0
B0BNKYPVM6,2024-07-11,0.0
B0BNL11QD8,2024-07-11,0.0
B0BNL4S6MB,2024-07-11,0.0
B0BRCW79VK,2024-07-11,16.7
B0BRCW2B64,2024-07-11,-0.02
B0BNL5BKMK,2024-07-11,0.0
B0BNL4Y2J9,2024-07-11,0.0
B0BNL4CB4X,2024-07-11,0.0
B0BNL3J36Z,2024-07-11,0.0
B0BNL1CG6X,2024-07-11,0.0
B0BNL3RDG4,2024-07-11,0.0
B0B69SF1BT,2024-07-11,0.0
B0BRCXJRX6,2024-07-11,-1.98
B0BSLWJKSX,2024-07-11,0.0
B0BRCXCXCV,2024-07-11,-0.02
B0CY5QQ49F,2024-07-11,-1.26
B0BG2PD396,2024-07-11,0.0
B0BDRTZTGX,2024-07-11,0.0
B0BRCXP7VN,2024-07-11,0.0
B0BRCXQRC9,2024-07-11,18.5
B0BRCXXBG2,2024-07-11,0.0
B0BRCY8QMH,2024-07-11,0.0
B0BRCYJ33N,2024-07-11,112.02
B0BRCYJ4SR,2024-07-11,0.0
B0BRCYK4JK,2024-07-11,345.0
B0BRCYQNSW,2024-07-11,257.46
B0BRCYV77T,2024-07-11,10.58
B0BRDCBGFD,2024-07-11,0.0
B0BRDCJWJC,2024-07-11,-0.02
B0BRCXSTKW,2024-07-11,0.0
B0CFV6V981,2024-07-11,209.84
B0C9JLKFPZ,2024-07-11,9.94
B0CY5KFQBD,2024-07-11,29.12
B0CY5LR4VX,2024-07-11,475.82
B0CR4C5WXS,2024-07-11,0.0
B0CR4BK4FW,2024-07-11,0.0
B0CR4C98FS,2024-07-11,26.58
B0CR4BG4ZW,2024-07-11,22.5
B0CR49NR3B,2024-07-11,0.0
B0CR49N6MQ,2024-07-11,28.3
B0CR49BQRS,2024-07-11,35.72
B0CQVLFPBQ,2024-07-11,0.0
B0CR4BGLK5,2024-07-11,163.1
B09KDXJJ6W,2024-07-12,0.0
B09KDLQ2GW,2024-07-12,40.36
B0BG2PD396,2024-07-12,0.0
B09KDNYCYR,2024-07-12,0.0
B09KDPXYG3,2024-07-12,0.0
B09KDQ2BWY,2024-07-12,0.0
B09KDR64LT,2024-07-12,0.0
B09KDTHJ6V,2024-07-12,0.0
B09KDVXTP4,2024-07-12,0.0
B09KDW1YKQ,2024-07-12,0.0
B09KSYL73R,2024-07-12,170.06
B09MR36MLJ,2024-07-12,0.0
B09KDZQJ6P,2024-07-12,0.0
B09KSXP3HN,2024-07-12,324.9
B09KTF8ZDQ,2024-07-12,0.0
B09KTFXX6L,2024-07-12,25.44
B09KTJRHC7,2024-07-12,29.98
B09KTMKDKJ,2024-07-12,16.42
B09MR3RSW8,2024-07-12,0.0
B09KTMLQ1N,2024-07-12,374.72
B09KDYY3SB,2024-07-12,84.12
B09KDN7PYR,2024-07-12,0.0
B09X1F8C23,2024-07-12,213.86
B09MR3XT5G,2024-07-12,467.42
B09MR2FY5D,2024-07-12,68.22
B09X1HV1NL,2024-07-12,112.86
B09MR4Z3H8,2024-07-12,49.46
B09MR4B13C,2024-07-12,205.08
B09MR4Z3H9,2024-07-12,0.0
B09MR56Q9N,2024-07-12,48.08
B09MR5WS3Y,2024-07-12,0.0
B09X1DHRLN,2024-07-12,0.0
B09X1F1L26,2024-07-12,-4.34
B09MR3Y296,2024-07-12,35.98
B09X1FWK8Z,2024-07-12,0.0
B09X1JTK49,2024-07-12,0.0
B0B31R1ZBV,2024-07-12,0.0
B0B31T1XMH,2024-07-12,0.0
B0B31V3PKG,2024-07-12,0.0
B0B31VFJ6Q,2024-07-12,201.36
B0B31VTH56,2024-07-12,0.0
B0B699PLXD,2024-07-12,0.0
B0B69B8R3C,2024-07-12,0.0
B0B69FBGN1,2024-07-12,0.0
B0B69DK8JN,2024-07-12,0.0
B0BDRTZTGX,2024-07-12,0.0
B0BRCYV77T,2024-07-12,99.38
B0BG2T78CJ,2024-07-12,0.0
B0BGDX2Z3L,2024-07-12,78.74
B0BRCXQRC9,2024-07-12,13.74
B0BGDXM13S,2024-07-12,0.0
B0BGDXV7FD,2024-07-12,60.54
B0BGDZLDX2,2024-07-12,0.0
B0BNKY8RQN,2024-07-12,0.0
B0BNKYZD2Z,2024-07-12,0.0
B0BNKZ88Z5,2024-07-12,0.0
B0BNKZCWFL,2024-07-12,0.0
B0BNL3J36Z,2024-07-12,0.0
B0BNKYPVM6,2024-07-12,0.0
B0BNL5BKMK,2024-07-12,0.0
B0BNL5HYLR,2024-07-12,0.0
B0BNL5JR7V,2024-07-12,0.0
B0BRCW2B64,2024-07-12,0.0
B0BRCW79VK,2024-07-12,49.44
B0BRCXCXCV,2024-07-12,0.0
B0BRCXDHBX,2024-07-12,0.0
B0B31Y1FDZ,2024-07-12,538.66
B0BRCXQMS5,2024-07-12,714.26
B0BNL46Y7W,2024-07-12,0.0
B0BRCXSTKW,2024-07-12,0.0
B0BRCXJRX6,2024-07-12,-4.38
B0BRCY8QMH,2024-07-12,0.0
B0CR49NR3B,2024-07-12,0.0
B0CR49BQRS,2024-07-12,45.12
B0BRCYK4JK,2024-07-12,287.56
B0BRCYQNSW,2024-07-12,254.42
B0BRDCBGFD,2024-07-12,0.0
B0BRDCJWJC,2024-07-12,0.0
B0BSLVXHYJ,2024-07-12,0.0
B0C9JLKFPZ,2024-07-12,-1.56
B0CFV6V981,2024-07-12,14.02
B0CR49N6MQ,2024-07-12,15.02
B0BRCYJ33N,2024-07-12,294.34
B0CR4BG4ZW,2024-07-12,33.76
B0CR4BGLK5,2024-07-12,35.74
B0CR4BK4FW,2024-07-12,0.0
B0CR4C5WXS,2024-07-12,0.0
B0CR4C98FS,2024-07-12,164.56
B0CY5KFQBD,2024-07-12,27.26
B0CY5LR4VX,2024-07-12,442.82
B0BGDWGRQB,2024-07-12,0.0
B0CY5QQ49F,2024-07-12,14.68
B0BRCXXBG2,2024-07-12,0.0
B09KDVXTP4,2024-07-13,0.0
B09KDTHJ6V,2024-07-13,0.0
B0BDRTZTGX,2024-07-13,0.0
B09KDQ2BWY,2024-07-13,0.0
B09KDN7PYR,2024-07-13,0.0
B09KDYY3SB,2024-07-13,122.2
B09KDR64LT,2024-07-13,0.0
B09KDW1YKQ,2024-07-13,0.0
B09KTF8ZDQ,2024-07-13,0.0
B09KDZQJ6P,2024-07-13,0.0
B09MR3XT5G,2024-07-13,303.48
B09KSXP3HN,2024-07-13,265.76
B09KTFXX6L,2024-07-13,112.78
B09KTJRHC7,2024-07-13,1056.48
B09KTMKDKJ,2024-07-13,15.14
B09KTMLQ1N,2024-07-13,337.58
B09MR3Y296,2024-07-13,38.16
B09MR2FY5D,2024-07-13,1255.1
B09KDXJJ6W,2024-07-13,0.0
B09KSYL73R,2024-07-13,274.28
B0B31T1XMH,2024-07-13,0.0
B0B69FBGN1,2024-07-13,0.0
B09MR3RSW8,2024-07-13,0.0
B09MR4Z3H9,2024-07-13,0.0
B0B31R1ZBV,2024-07-13,0.0
B09MR5WS3Y,2024-07-13,0.0
B09X1F1L26,2024-07-13,-2.82
B09X1F8C23,2024-07-13,253.62
B09X1FWK8Z,2024-07-13,0.0
B09X1HV1NL,2024-07-13,261.4
B09X1JTK49,2024-07-13,0.0
B09MR56Q9N,2024-07-13,403.72
B0B31Y1FDZ,2024-07-13,380.4
B0B31V3PKG,2024-07-13,0.0
B0B31VFJ6Q,2024-07-13,159.16
B0B699PLXD,2024-07-13,0.0
B0B69B8R3C,2024-07-13,0.0
B0B69C4GST,2024-07-13,0.0
B09KDLQ2GW,2024-07-13,73.24
B0B69DK8JN,2024-07-13,0.0
B09MR4B13C,2024-07-13,287.1
B09MR4Z3H8,2024-07-13,445.36
B0B69SF1BT,2024-07-13,0.0
B0BRCYQNSW,2024-07-13,366.68
B0BG2PD396,2024-07-13,0.0
B0BNL5CJ8G,2024-07-13,0.0
B0BGDWGRQB,2024-07-13,0.0
B0BRCXQMS5,2024-07-13,642.86
B0BGDX2Z3L,2024-07-13,323.42
B0BGDXV7FD,2024-07-13,217.62
B0BNKY8RQN,2024-07-13,0.0
B0BNKYPVM6,2024-07-13,0.0
B0BNL3J36Z,2024-07-13,0.0
B0BRCXQRC9,2024-07-13,3.44
B0BNL5BKMK,2024-07-13,0.0
B0BNL5HYLR,2024-07-13,0.0
B0BRCW79VK,2024-07-13,184.14
B0BRCXP7VN,2024-07-13,0.0
B0BRCXDHBX,2024-07-13,0.0
B0BRCXCXCV,2024-07-13,21.48
B0BRCXJRX6,2024-07-13,24.6
B0BRCW2B64,2024-07-13,0.0
B0B69DD2C7,2024-07-13,0.0
B0BNKYZD2Z,2024-07-13,0.0
B0CR49BQRS,2024-07-13,462.04
B0BNKZ88Z5,2024-07-13,0.0
B0BG2T78CJ,2024-07-13,0.0
B0BRCXXBG2,2024-07-13,0.0
B0BRCYJ33N,2024-07-13,254.62
B0BRCYK4JK,2024-07-13,20.08
B0BNL5JR7V,2024-07-13,0.0
B0BRCYV77T,2024-07-13,244.2
B0BRDCBGFD,2024-07-13,0.0
B0BRDCJWJC,2024-07-13,0.0
B0C9JLKFPZ,2024-07-13,22.78
B0CFV6V981,2024-07-13,140.74
B0CR49N6MQ,2024-07-13,9.42
B0BSLVXHYJ,2024-07-13,0.0
B0CY5LR4VX,2024-07-13,407.3
B0CR4BG4ZW,2024-07-13,33.34
B0CR4BGLK5,2024-07-13,24.76
B0CR4BK4FW,2024-07-13,0.0
B0CR4C5WXS,2024-07-13,0.0
B0CR4C98FS,2024-07-13,36.16
B0CY5KFQBD,2024-07-13,297.66
B0CR49NR3B,2024-07-13,0.0
B0CY5QQ49F,2024-07-13,35.84
B09KDR64LT,2024-07-14,0.0
B09KDQ2BWY,2024-07-14,0.0
B09KDPXYG3,2024-07-14,0.0
B09KDYY3SB,2024-07-14,262.7
B09KDLQ2GW,2024-07-14,310.94
B0BDRTZTGX,2024-07-14,0.0
B09KDTHJ6V,2024-07-14,0.0
B09KDN7PYR,2024-07-14,0.0
B09KDW1YKQ,2024-07-14,0.0
B09MR2MLZH,2024-07-14,0.0
B09KDZQJ6P,2024-07-14,35.8
B09MR3RSW8,2024-07-14,0.0
B09KSYL73R,2024-07-14,266.18
B09KTF8ZDQ,2024-07-14,0.0
B09KTFXX6L,2024-07-14,128.72
B09KTJRHC7,2024-07-14,777.1
B09KTMKDKJ,2024-07-14,42.82
B09KTMLQ1N,2024-07-14,275.6
B09MR3XT5G,2024-07-14,296.76
B09KDXJJ6W,2024-07-14,0.0
B09KSXP3HN,2024-07-14,236.82
B09MR4Z3H9,2024-07-14,0.0
B09MR3Y296,2024-07-14,38.14
B0B31R1ZBV,2024-07-14,0.0
B09MR36MLJ,2024-07-14,0.0
B09MR56Q9N,2024-07-14,309.32
B09MR5WS3Y,2024-07-14,0.0
B09X1DHRLN,2024-07-14,0.0
B09X1F1L26,2024-07-14,28.38
B09X1F8C23,2024-07-14,330.02
B09X1HV1NL,2024-07-14,257.3
B09X1JTK49,2024-07-14,0.0
B09MR4B13C,2024-07-14,344.54
B09MR4Z3H8,2024-07-14,473.64
B0B31SM3ZR,2024-07-14,0.0
B0B31T1XMH,2024-07-14,0.0
B0B31V3PKG,2024-07-14,0.0
B0B31VFJ6Q,2024-07-14,142.64
B0B31VTH56,2024-07-14,0.0
B0B31Y1FDZ,2024-07-14,24.92
B0B699PLXD,2024-07-14,0.0
B0B69B8R3C,2024-07-14,0.0
B0B69DD2C7,2024-07-14,0.0
B0B69DK8JN,2024-07-14,0.0
B0BDRQWBK9,2024-07-14,0.0
B09MR2FY5D,2024-07-14,701.32
B0BG2PD396,2024-07-14,0.0
B0BNL5BKMK,2024-07-14,0.0
B0BRCXQRC9,2024-07-14,3.4
B0BGDXM13S,2024-07-14,0.0
B0BGDXV7FD,2024-07-14,39.22
B0BGDZLDX2,2024-07-14,0.0
B0BNKYPVM6,2024-07-14,0.0
B0BNKYZD2Z,2024-07-14,0.0
B0BNKZ88Z5,2024-07-14,0.0
B0BNKZCWFL,2024-07-14,0.0
B0BRCXSTKW,2024-07-14,0.0
B0BGDWGRQB,2024-07-14,0.0
B0BRCXDHBX,2024-07-14,24.6
B0BNL5HYLR,2024-07-14,0.0
B0BRCXP7VN,2024-07-14,0.0
B0BRCXJRX6,2024-07-14,15.78
B0BRCXQMS5,2024-07-14,574.22
B0BRCXCXCV,2024-07-14,35.82
B0BRCW79VK,2024-07-14,36.14
B0BRCW2B64,2024-07-14,28.78
B0BGDX2Z3L,2024-07-14,73.94
B0BNL5CJ8G,2024-07-14,0.0
B0CY5LR4VX,2024-07-14,265.3
B0BNL3J36Z,2024-07-14,0.0
B0CY5QQ49F,2024-07-14,39.2
B0BRCY8QMH,2024-07-14,0.0
B0BRCYJ33N,2024-07-14,364.64
B0BRCYJ4SR,2024-07-14,0.0
B0BRCYK4JK,2024-07-14,492.84
B0BRCYQNSW,2024-07-14,394.54
B0BRCYV77T,2024-07-14,294.66
B0BRDCBGFD,2024-07-14,0.0
B0BRDCJWJC,2024-07-14,0.0
B0C9JLKFPZ,2024-07-14,17.3
B0CFV6V981,2024-07-14,25.3
B0CR49BQRS,2024-07-14,121.6
B0BG2VYWSG,2024-07-14,0.0
B0BRCXXBG2,2024-07-14,0.0
B0CR49NR3B,2024-07-14,0.0
B0CR4BG4ZW,2024-07-14,300.12
B0CR4BGLK5,2024-07-14,511.56
B0CR4BK4FW,2024-07-14,0.0
B0CR4C5WXS,2024-07-14,0.0
B0CR4C98FS,2024-07-14,22.86
B0CY5KFQBD,2024-07-14,6.7
B0CR49N6MQ,2024-07-14,7.16
B09KDTHJ6V,2024-07-15,0.0
B09KDR64LT,2024-07-15,0.0
B09KDLQ2GW,2024-07-15,68.2
B09KDQ2BWY,2024-07-15,0.0
B09MR3RSW8,2024-07-15,0.0
B09KDN7PYR,2024-07-15,0.0
B0BDRS6R5Z,2024-07-15,0.0
B09KDTS4DC,2024-07-15,0.0
B09KDYY3SB,2024-07-15,226.74
B09KDPXYG3,2024-07-15,0.0
B09KDVXTP4,2024-07-15,0.0
B09KSYL73R,2024-07-15,266.64
B09KDZQJ6P,2024-07-15,57.96
B09MR36MLJ,2024-07-15,0.0
B09KSXP3HN,2024-07-15,345.76
B09KT5HMNY,2024-07-15,0.0
B09KTF8ZDQ,2024-07-15,0.0
B09KTFXX6L,2024-07-15,175.16
B09KTJRHC7,2024-07-15,1.18
B09KTMKDKJ,2024-07-15,19.26
B09KTMLQ1N,2024-07-15,294.76
B09KDW1YKQ,2024-07-15,0.0
B09KDXJJ6W,2024-07-15,0.0
B09X1JTK49,2024-07-15,0.0
B09MR3XT5G,2024-07-15,289.6
B09MR2FY5D,2024-07-15,737.52
B09MR4G722,2024-07-15,0.0
B09MR4Z3H8,2024-07-15,420.22
B09MR56Q9N,2024-07-15,398.5
B09MR5WS3Y,2024-07-15,0.0
B09X1DHRLN,2024-07-15,0.0
B09X1F1L26,2024-07-15,54.08
B09X1F8C23,2024-07-15,296.2
B09X1HV1NL,2024-07-15,424.9
B09MR4Z3H9,2024-07-15,0.0
B0B31Y1FDZ,2024-07-15,25.3
B0B31R1ZBV,2024-07-15,0.0
B0B31T1XMH,2024-07-15,0.0
B0B31V3PKG,2024-07-15,0.0
B0B31VFJ6Q,2024-07-15,50.84
B0B31VTH56,2024-07-15,0.0
B0B69B8R3C,2024-07-15,0.0
B0B69C4GST,2024-07-15,0.0
B0B69DD2C7,2024-07-15,0.0
B0B69DK8JN,2024-07-15,0.0
B0B69FBGN1,2024-07-15,0.0
B09MR3Y296,2024-07-15,64.94
B09MR2MLZH,2024-07-15,0.0
B09MR4B13C,2024-07-15,175.02
B0CR4C98FS,2024-07-15,-1.54
B0BNL1MQ48,2024-07-15,0.0
B0BG2VYWSG,2024-07-15,0.0
B0BGDWGRQB,2024-07-15,0.0
B0BGDX2Z3L,2024-07-15,620.36
B0BGDXM13S,2024-07-15,0.0
B0BGDXV7FD,2024-07-15,45.14
B0BGDZLDX2,2024-07-15,0.0
B0BNKYZD2Z,2024-07-15,0.0
B0BNKZ88Z5,2024-07-15,0.0
B0BNKZCWFL,2024-07-15,0.0
B0BRCXQMS5,2024-07-15,200.26
B0BNKYPVM6,2024-07-15,0.0
B0BRCXJRX6,2024-07-15,93.02
B0BNL3ZV7H,2024-07-15,0.0
B0BRCXDHBX,2024-07-15,34.52
B0BRCXCXCV,2024-07-15,51.2
B0BRCXP7VN,2024-07-15,0.0
B0BNL5BKMK,2024-07-15,0.0
B0BRCW2B64,2024-07-15,38.7
B0BNL5HYLR,2024-07-15,0.0
B0BNL5CJ8G,2024-07-15,0.0
B0B69SF1BT,2024-07-15,0.0
B0BNL3J36Z,2024-07-15,0.0
B0CY5QQ49F,2024-07-15,70.26
B0BRCW79VK,2024-07-15,39.84
B0BG2PD396,2024-07-15,0.0
B0BRCXSTKW,2024-07-15,0.0
B0BDRTZTGX,2024-07-15,0.0
B0BRCXQRC9,2024-07-15,188.84
B0BRCXXBG2,2024-07-15,0.0
B0BRCY8QMH,2024-07-15,0.0
B0BRCYJ33N,2024-07-15,274.6
B0BRCYK4JK,2024-07-15,851.26
B0BRCYQNSW,2024-07-15,470.84
B0BRCYV77T,2024-07-15,410.78
B0BRDCBGFD,2024-07-15,0.0
B0BRDCJWJC,2024-07-15,0.0
B0BRCYJ4SR,2024-07-15,0.0
B0CR4BK4FW,2024-07-15,0.0
B0CFV6V981,2024-07-15,35.78
B0CR49BQRS,2024-07-15,46.66
B0CR49N6MQ,2024-07-15,6.76
B0CR49NR3B,2024-07-15,0.0
B0CR4BG4ZW,2024-07-15,32.18
B0CR4BGLK5,2024-07-15,63.74
B0CY5LR4VX,2024-07-15,44.92
B0CR4C5WXS,2024-07-15,0.0
B0CY5KFQBD,2024-07-15,11.74
B0C9JLKFPZ,2024-07-15,27.74
B09KDTS4DC,2024-07-16,0.0
B09KSXP3HN,2024-07-16,596.84
B09KDTHJ6V,2024-07-16,0.0
B09KDW1YKQ,2024-07-16,0.0
B09KDVXTP4,2024-07-16,0.0
B09KDR64LT,2024-07-16,0.0
B09KDLQ2GW,2024-07-16,541.1
B09KDPXYG3,2024-07-16,0.0
B09KDNYCYR,2024-07-16,0.0
B0BGDXV7FD,2024-07-16,72.96
B09KDXJJ6W,2024-07-16,0.0
B09KDQ2BWY,2024-07-16,0.0
B09KDYY3SB,2024-07-16,59.26
B09MR36MLJ,2024-07-16,0.0
B09KSYL73R,2024-07-16,332.72
B09MR4D874,2024-07-16,0.0
B09KT5HMNY,2024-07-16,0.0
B09KTF8ZDQ,2024-07-16,0.0
B09KTFXX6L,2024-07-16,277.36
B09KTJRHC7,2024-07-16,42.78
B09KTMKDKJ,2024-07-16,90.6
B09KTMLQ1N,2024-07-16,831.74
B09MR2FY5D,2024-07-16,679.2
B09MR2MLZH,2024-07-16,0.0
B09MR3XT5G,2024-07-16,1241.0
B09MR3Y296,2024-07-16,153.72
B09MR4G722,2024-07-16,0.0
B09KDZQJ6P,2024-07-16,55.18
B09KDN7PYR,2024-07-16,0.0
B0B31SM3ZR,2024-07-16,0.0
B09MR4Z3H8,2024-07-16,440.86
B09X1JTK49,2024-07-16,0.0
B0B31VFJ6Q,2024-07-16,185.42
B0B31T1XMH,2024-07-16,0.0
B0B31SVP2Q,2024-07-16,0.0
B09MR4B13C,2024-07-16,184.26
B0B31R1ZBV,2024-07-16,0.0
B09X1FWK8Z,2024-07-16,0.0
B09X1HV1NL,2024-07-16,365.42
B09X1F8C23,2024-07-16,168.88
B09X1F1L26,2024-07-16,56.1
B09MR56Q9N,2024-07-16,318.68
B09MR5WS3Y,2024-07-16,0.0
B0B31Y1FDZ,2024-07-16,-6.34
B0B31VTH56,2024-07-16,0.0
B0BG2T78CJ,2024-07-16,0.0
B0B699PLXD,2024-07-16,0.0
B0B69C4GST,2024-07-16,0.0
B0B69DK8JN,2024-07-16,0.0
B0B69FBGN1,2024-07-16,0.0
B0B69GN5KJ,2024-07-16,0.0
B0B69N4B1S,2024-07-16,0.0
B0B69SF1BT,2024-07-16,0.0
B0BDRQWBK9,2024-07-16,0.0
B0BDRS6R5Z,2024-07-16,0.0
B0BDRTZTGX,2024-07-16,0.0
B0BG2PD396,2024-07-16,0.0
B0BGDWGRQB,2024-07-16,0.0
B09MR4Z3H9,2024-07-16,0.0
B0BGDX2Z3L,2024-07-16,59.36
B09MR3RSW8,2024-07-16,0.0
B0BGDZLDX2,2024-07-16,0.0
B0BNL3J36Z,2024-07-16,0.0
B0BRCXDHBX,2024-07-16,50.8
B0BNKYZD2Z,2024-07-16,0.0
B0BNKZ5BR1,2024-07-16,0.0
B0BNKZBJX2,2024-07-16,0.0
B0BNKZCWFL,2024-07-16,0.0
B0BNKZF51P,2024-07-16,0.0
B0BNL117VT,2024-07-16,0.0
B0BNL11QD8,2024-07-16,0.0
B0BNL13PNY,2024-07-16,0.0
B0BNL1MQ48,2024-07-16,0.0
B0BNL1RDVC,2024-07-16,0.0
B0BNL1WL6R,2024-07-16,0.0
B0BRCXJRX6,2024-07-16,62.7
B0BNL2VK7L,2024-07-16,0.0
B0BNL3RDG4,2024-07-16,0.0
B0BNL5LCM5,2024-07-16,0.0
B0BNL3ZV7H,2024-07-16,0.0
B0BRCW2B64,2024-07-16,38.7
B0BNL7TJRT,2024-07-16,0.0
B0BNL6H152,2024-07-16,0.0
B0BRCW79VK,2024-07-16,-1.54
B0BNL5HYLR,2024-07-16,0.0
B0BNL4Y2J9,2024-07-16,0.0
B0BNL4S7GH,2024-07-16,0.0
B0BNL5CJ8G,2024-07-16,0.0
B0BNKZ88Z5,2024-07-16,0.0
B0BNL5BKMK,2024-07-16,0.0
B0BNKZ9BJR,2024-07-16,0.0
B0CR4C5WXS,2024-07-16,0.0
B0BRCXCXCV,2024-07-16,246.48
B0CY5QQ49F,2024-07-16,551.32
B0BRCXQMS5,2024-07-16,307.92
B0BRCXP7VN,2024-07-16,0.0
B0BRCXSTKW,2024-07-16,0.0
B0BRCXXBG2,2024-07-16,0.0
B0BRCY8QMH,2024-07-16,0.0
B0BRCYJ33N,2024-07-16,175.0
B0BRCYJ4SR,2024-07-16,0.0
B0BRCYK4JK,2024-07-16,145.64
B0BRCYQNSW,2024-07-16,431.62
B0BRCYV77T,2024-07-16,273.36
B0BRDCBGFD,2024-07-16,0.0
B0BRDCJWJC,2024-07-16,0.0
B0BSLTZV4Z,2024-07-16,0.0
B0BRCXQRC9,2024-07-16,127.42
B0BSLWJKSX,2024-07-16,0.0
B0BSLVXHYJ,2024-07-16,0.0
B0CY5KFQBD,2024-07-16,60.52
B0CY5LR4VX,2024-07-16,588.0
B0CR4C98FS,2024-07-16,-5.12
B0BNKYW36G,2024-07-16,0.0
B0CR4BGLK5,2024-07-16,428.06
B0CR4BK4FW,2024-07-16,0.0
B0CR49NR3B,2024-07-16,0.0
B0CR49N6MQ,2024-07-16,24.56
B0CR49BQRS,2024-07-16,123.6
B0CFV6V981,2024-07-16,63.4
B0C9JLKFPZ,2024-07-16,75.7
B0CR4BG4ZW,2024-07-16,162.7
B09KDTHJ6V,2024-07-17,0.0
B09KDVXTP4,2024-07-17,0.0
B09KDTS4DC,2024-07-17,0.0
B09KDR64LT,2024-07-17,0.0
B09KDLQ2GW,2024-07-17,355.62
B09KDPXYG3,2024-07-17,0.0
B09KDNYCYR,2024-07-17,0.0
B09KDN7PYR,2024-07-17,0.0
B09KDW1YKQ,2024-07-17,0.0
B09MR4B13C,2024-07-17,101.34
B09KDQ2BWY,2024-07-17,0.0
B09KDXJJ6W,2024-07-17,0.0
B09KTF8ZDQ,2024-07-17,0.0
B09KDZQJ6P,2024-07-17,81.0
B09KSXP3HN,2024-07-17,331.8
B09KSYL73R,2024-07-17,170.08
B09KT5HMNY,2024-07-17,0.0
B09KTFXX6L,2024-07-17,69.74
B09KTJRHC7,2024-07-17,834.12
B09KTMKDKJ,2024-07-17,26.34
B09KTMLQ1N,2024-07-17,325.68
B09MR2FY5D,2024-07-17,858.9
B09MR2MLZH,2024-07-17,0.0
B09MR4D874,2024-07-17,0.0
B09MR3RSW8,2024-07-17,0.0
B09KDYY3SB,2024-07-17,98.9
B0BNKY8RQN,2024-07-17,0.0
B0B31Y1FDZ,2024-07-17,-5.42
B0BGDXV7FD,2024-07-17,385.52
B09MR3XT5G,2024-07-17,431.22
B09X1JTK49,2024-07-17,0.0
B0B31V3PKG,2024-07-17,0.0
B0B31T1XMH,2024-07-17,0.0
B0B31SVP2Q,2024-07-17,0.0
B0B31SM3ZR,2024-07-17,0.0
B0B31R1ZBV,2024-07-17,0.0
B09MR4Z3H9,2024-07-17,0.0
B09X1HV1NL,2024-07-17,211.52
B09X1F8C23,2024-07-17,110.24
B09X1F1L26,2024-07-17,46.48
B09MR5WS3Y,2024-07-17,0.0
B09MR56Q9N,2024-07-17,240.04
B0B31VTH56,2024-07-17,0.0
B0B31VFJ6Q,2024-07-17,57.18
B0B69SF1BT,2024-07-17,0.0
B0B699PLXD,2024-07-17,0.0
B0B69DD2C7,2024-07-17,0.0
B0B69DK8JN,2024-07-17,0.0
B0B69GN5KJ,2024-07-17,0.0
B09MR4G722,2024-07-17,0.0
B0BDRTZTGX,2024-07-17,0.0
B0BG2PD396,2024-07-17,0.0
B0BG2T78CJ,2024-07-17,0.0
B0BG2VYWSG,2024-07-17,0.0
B0BGDWGRQB,2024-07-17,0.0
B0BGDX2Z3L,2024-07-17,327.26
B09MR4Z3H8,2024-07-17,502.78
B09MR3Y296,2024-07-17,48.28
B09MR36MLJ,2024-07-17,0.0
B0BNKZ88Z5,2024-07-17,0.0
B0BRCXJRX6,2024-07-17,127.36
B0BNL4S7GH,2024-07-17,0.0
B0BNKZ5BR1,2024-07-17,0.0
B0BRCXDHBX,2024-07-17,226.88
B0BNKZ9BJR,2024-07-17,0.0
B0BNKZBJX2,2024-07-17,0.0
B0BNKZCWFL,2024-07-17,0.0
B0BNKZF51P,2024-07-17,0.0
B0BNL11QD8,2024-07-17,0.0
B0BNL13PNY,2024-07-17,0.0
B0BNL2VK7L,2024-07-17,0.0
B0BNL3J36Z,2024-07-17,0.0
B0BNL3RDG4,2024-07-17,0.0
B0BNL3YY1C,2024-07-17,0.0
B0BNL1WL6R,2024-07-17,0.0
B0BNL4Y2J9,2024-07-17,0.0
B0BNL5N28Z,2024-07-17,0.0
B0BRCXCXCV,2024-07-17,483.86
B0BNL5BKMK,2024-07-17,0.0
B0BRCW2B64,2024-07-17,133.74
B0BNL7TJRT,2024-07-17,0.0
B0BNL6H152,2024-07-17,0.0
B0BRCW79VK,2024-07-17,-5.1
B0BNL5LCM5,2024-07-17,0.0
B0BNL5HYLR,2024-07-17,0.0
B0BNL5CJ8G,2024-07-17,0.0
B0BNL5JR7V,2024-07-17,0.0
B0BSLTZV4Z,2024-07-17,0.0
B0BRCXQMS5,2024-07-17,341.24
B0BGDZLDX2,2024-07-17,0.0
B0CY5QQ49F,2024-07-17,452.3
B0BNKYW36G,2024-07-17,0.0
B0BRCXP7VN,2024-07-17,0.0
B0BRCXQRC9,2024-07-17,209.4
B0BRCXSTKW,2024-07-17,0.0
B0BRCXXBG2,2024-07-17,0.0
B0BRCY8QMH,2024-07-17,0.0
B0BRCYJ33N,2024-07-17,156.62
B0BNKYZD2Z,2024-07-17,0.0
B0BRCYK4JK,2024-07-17,485.76
B0BRCYQNSW,2024-07-17,352.54
B0BRCYV77T,2024-07-17,233.26
B0BRDCBGFD,2024-07-17,0.0
B0BRDCJWJC,2024-07-17,0.0
B0BRCYJ4SR,2024-07-17,0.0
B0BSLWJKSX,2024-07-17,0.0
B0BSLVXHYJ,2024-07-17,0.0
B0CY5KFQBD,2024-07-17,426.38
B0CR4C98FS,2024-07-17,-1.34
B0CR4C5WXS,2024-07-17,0.0
B0CR4BK4FW,2024-07-17,0.0
B0CR4BGLK5,2024-07-17,409.5
B0CY5LR4VX,2024-07-17,358.5
B0CR49NR3B,2024-07-17,0.0
B0CR49N6MQ,2024-07-17,15.38
B0CR49BQRS,2024-07-17,166.46
B0CFV6V981,2024-07-17,22.12
B0C9JLKFPZ,2024-07-17,243.04
B0CR4BG4ZW,2024-07-17,359.98
B09KDW1YKQ,2024-07-18,0.0
B09KDVXTP4,2024-07-18,0.0
B09KDTS4DC,2024-07-18,0.0
B09KDTHJ6V,2024-07-18,0.0
B09KDR64LT,2024-07-18,0.0
B09KDNYCYR,2024-07-18,0.0
B09KDPXYG3,2024-07-18,0.0
B09KDN7PYR,2024-07-18,0.0
B09KDLQ2GW,2024-07-18,250.38
B0BGDX2Z3L,2024-07-18,289.38
B09KDQ2BWY,2024-07-18,0.0
B09KDXJJ6W,2024-07-18,0.0
B09MR3XT5G,2024-07-18,349.12
B09MR3Y296,2024-07-18,22.88
B09KSXP3HN,2024-07-18,352.98
B09KT5HMNY,2024-07-18,0.0
B09KTF8ZDQ,2024-07-18,0.0
B09KTFXX6L,2024-07-18,50.92
B09KTJRHC7,2024-07-18,936.38
B09KTMKDKJ,2024-07-18,22.76
B09KTMLQ1N,2024-07-18,160.54
B09MR2FY5D,2024-07-18,567.28
B09MR2MLZH,2024-07-18,0.0
B09MR36MLJ,2024-07-18,0.0
B09MR3RSW8,2024-07-18,0.0
B09KDYY3SB,2024-07-18,111.32
B09KDZQJ6P,2024-07-18,494.62
B09MR4B13C,2024-07-18,43.64
B0B31Y1FDZ,2024-07-18,-1.26
B09MR4G722,2024-07-18,0.0
B0BGDWGRQB,2024-07-18,0.0
B0B31T1XMH,2024-07-18,0.0
B0B31SVP2Q,2024-07-18,0.0
B0B31SM3ZR,2024-07-18,0.0
B0B31R1ZBV,2024-07-18,0.0
B09X1JTK49,2024-07-18,0.0
B09X1F1L26,2024-07-18,163.84
B09X1F8C23,2024-07-18,377.98
B09MR5WS3Y,2024-07-18,0.0
B09MR56Q9N,2024-07-18,168.92
B09MR4Z3H9,2024-07-18,0.0
B0B31VFJ6Q,2024-07-18,271.66
B09MR4Z3H8,2024-07-18,138.76
B0BG2T78CJ,2024-07-18,0.0
B0B31VTH56,2024-07-18,0.0
B0B699PLXD,2024-07-18,0.0
B0B69B8R3C,2024-07-18,0.0
B0B69C4GST,2024-07-18,0.0
B0B69DK8JN,2024-07-18,0.0
B0B69GN5KJ,2024-07-18,0.0
B0B69N4B1S,2024-07-18,0.0
B0B69SF1BT,2024-07-18,0.0
B0BDRQWBK9,2024-07-18,0.0
B0BDRS6R5Z,2024-07-18,0.0
B0BDRTZTGX,2024-07-18,0.0
B0BG2PD396,2024-07-18,0.0
B09MR4D874,2024-07-18,0.0
B09KSYL73R,2024-07-18,249.24
B09X1HV1NL,2024-07-18,317.82
B0BGDXM13S,2024-07-18,0.0
B0BRCXJRX6,2024-07-18,35.9
B0BRCXCXCV,2024-07-18,181.7
B0BNKY8RQN,2024-07-18,0.0
B0BNKZ5BR1,2024-07-18,0.0
B0BNKZ6N9L,2024-07-18,0.0
B0BNKZ9BJR,2024-07-18,0.0
B0BNKZBJX2,2024-07-18,0.0
B0BNKZCWFL,2024-07-18,0.0
B0BNKZF51P,2024-07-18,0.0
B0BNKZYHRX,2024-07-18,0.0
B0BNL11QD8,2024-07-18,0.0
B0BNL13PNY,2024-07-18,0.0
B0BNL3RDG4,2024-07-18,0.0
B0BNL3YY1C,2024-07-18,0.0
B0BGDZLDX2,2024-07-18,0.0
B0BNL5JR7V,2024-07-18,0.0
B0BRCW79VK,2024-07-18,-1.38
B0BRCW2B64,2024-07-18,45.34
B0BNL7TJRT,2024-07-18,0.0
B0BNL5N28Z,2024-07-18,0.0
B0BNL6H152,2024-07-18,0.0
B0BNL5HYLR,2024-07-18,0.0
B0BNL5CJ8G,2024-07-18,0.0
B0BNL4Y2J9,2024-07-18,0.0
B0BNL4S7GH,2024-07-18,0.0
B0BNL4NX61,2024-07-18,0.0
B0CY5QQ49F,2024-07-18,343.04
B0BNL46Y7W,2024-07-18,0.0
B0BRCXDHBX,2024-07-18,417.14
B0BNL2VK7L,2024-07-18,0.0
B0BRCXP7VN,2024-07-18,0.0
B0BSLTZV4Z,2024-07-18,0.0
B0BRCXQRC9,2024-07-18,48.5
B0BRCXSTKW,2024-07-18,0.0
B0BRCXXBG2,2024-07-18,0.0
B0BRCY8QMH,2024-07-18,0.0
B0BRCYJ33N,2024-07-18,95.02
B0BRCYJ4SR,2024-07-18,0.0
B0BRCYK4JK,2024-07-18,859.1
B0BRCYQNSW,2024-07-18,-7.14
B0BRCYV77T,2024-07-18,209.0
B0BRDCBGFD,2024-07-18,0.0
B0BRDCJWJC,2024-07-18,0.0
B0BSLVXHYJ,2024-07-18,0.0
B0BSLWJKSX,2024-07-18,0.0
B0BRCXQMS5,2024-07-18,403.02
B0BGDXV7FD,2024-07-18,380.02
B0C9JLKFPZ,2024-07-18,413.08
B0CY5LR4VX,2024-07-18,373.26
B0CY5KFQBD,2024-07-18,386.74
B0CR4C98FS,2024-07-18,-0.02
B0CR4BK4FW,2024-07-18,0.0
B0CR4C5WXS,2024-07-18,0.0
B0CR4BG4ZW,2024-07-18,266.66
B0CR49NR3B,2024-07-18,0.0
B0CR49N6MQ,2024-07-18,15.88
B0CR49BQRS,2024-07-18,3.14
B0CFV6V981,2024-07-18,34.1
B0CR4BGLK5,2024-07-18,311.5
B09KDTHJ6V,2024-07-19,0.0
B09KDW1YKQ,2024-07-19,0.0
B09KDVXTP4,2024-07-19,0.0
B09KDTS4DC,2024-07-19,0.0
B09KDR64LT,2024-07-19,0.0
B09KDZQJ6P,2024-07-19,260.68
B09KDNYCYR,2024-07-19,0.0
B09KDN7PYR,2024-07-19,0.0
B09KDLQ2GW,2024-07-19,1.2
B0BGDXM13S,2024-07-19,0.0
B09KDXJJ6W,2024-07-19,0.0
B09KDPXYG3,2024-07-19,0.0
B09KDYY3SB,2024-07-19,-2.0
B09KTJRHC7,2024-07-19,-1.74
B09MR3Y296,2024-07-19,-1.56
B09KSYL73R,2024-07-19,278.26
B09KT5HMNY,2024-07-19,0.0
B09KTF8ZDQ,2024-07-19,0.0
B09KTFXX6L,2024-07-19,9.72
B09KTMKDKJ,2024-07-19,-2.08
B09KTMLQ1N,2024-07-19,-4.72
B09MR2FY5D,2024-07-19,1022.82
B09MR2MLZH,2024-07-19,0.0
B09MR3XT5G,2024-07-19,-1.78
B09MR36MLJ,2024-07-19,0.0
B09MR3RSW8,2024-07-19,0.0
B09KSXP3HN,2024-07-19,922.68
B09MR4B13C,2024-07-19,-2.02
B0B31R1ZBV,2024-07-19,0.0
B09MR4G722,2024-07-19,0.0
B09MR4Z3H8,2024-07-19,436.68
B0B31SM3ZR,2024-07-19,0.0
B0B31SVP2Q,2024-07-19,0.0
B09X1HV1NL,2024-07-19,217.5
B0B31T1XMH,2024-07-19,0.0
B09X1JTK49,2024-07-19,0.0
B09MR5WS3Y,2024-07-19,0.0
B09X1F8C23,2024-07-19,567.96
B09X1F1L26,2024-07-19,38.28
B09MR56Q9N,2024-07-19,184.54
B09MR4Z3H9,2024-07-19,0.0
B0B31VTH56,2024-07-19,0.0
B0B31VFJ6Q,2024-07-19,1.48
B0BDRS6R5Z,2024-07-19,0.0
B0B31Y1FDZ,2024-07-19,-0.02
B0B699PLXD,2024-07-19,0.0
B0B69B8R3C,2024-07-19,0.0
B0B69C4GST,2024-07-19,0.0
B0B69DK8JN,2024-07-19,0.0
B0B69GN5KJ,2024-07-19,0.0
B0B69N4B1S,2024-07-19,0.0
B0B69SF1BT,2024-07-19,0.0
B0BDRQWBK9,2024-07-19,0.0
B0BDRTZTGX,2024-07-19,0.0
B0BG2T78CJ,2024-07-19,0.0
B0BGDWGRQB,2024-07-19,0.0
B09MR4D874,2024-07-19,0.0
B09KDQ2BWY,2024-07-19,0.0
B0BGDX2Z3L,2024-07-19,17.96
B0BRCXQRC9,2024-07-19,23.74
B0BGDXV7FD,2024-07-19,24.3
B0BNKY8RQN,2024-07-19,0.0
B0BNKZ5BR1,2024-07-19,0.0
B0BGDZLDX2,2024-07-19,0.0
B0BNKZ6N9L,2024-07-19,0.0
B0BNKZ9BJR,2024-07-19,0.0
B0BNKZBJX2,2024-07-19,0.0
B0BNKZCWFL,2024-07-19,0.0
B0BNKZYHRX,2024-07-19,0.0
B0BNL11QD8,2024-07-19,0.0
B0BNL13PNY,2024-07-19,0.0
B0BNL2VK7L,2024-07-19,0.0
B0BNL3RDG4,2024-07-19,0.0
B0BNL3YY1C,2024-07-19,0.0
B0BNKZF51P,2024-07-19,0.0
B0BNL5N28Z,2024-07-19,0.0
B0BNL4NX61,2024-07-19,0.0
B0BRCW79VK,2024-07-19,-0.02
B0BRCW2B64,2024-07-19,24.36
B0BNL7TJRT,2024-07-19,0.0
B0BNL6H152,2024-07-19,0.0
B0BRCXCXCV,2024-07-19,24.88
B0BNL5CJ8G,2024-07-19,0.0
B0BNL4Y2J9,2024-07-19,0.0
B0BNL4S7GH,2024-07-19,0.0
B0BNL5HYLR,2024-07-19,0.0
B0BG2PD396,2024-07-19,0.0
B0BNL46Y7W,2024-07-19,0.0
B0BRCXDHBX,2024-07-19,120.38
B0BNL5JR7V,2024-07-19,0.0
B0BRCXP7VN,2024-07-19,0.0
B0CY5QQ49F,2024-07-19,18.66
B0BRCXJRX6,2024-07-19,22.74
B0BRCXQMS5,2024-07-19,370.02
B0BRCXSTKW,2024-07-19,0.0
B0BRCY8QMH,2024-07-19,0.0
B0BRCYJ33N,2024-07-19,-4.24
B0BRCYJ4SR,2024-07-19,0.0
B0BRCYK4JK,2024-07-19,6.9
B0BRCYQNSW,2024-07-19,-9.44
B0BRCYV77T,2024-07-19,369.56
B0BRDCBGFD,2024-07-19,0.0
B0BRDCJWJC,2024-07-19,0.0
B0BSLTZV4Z,2024-07-19,0.0
B0BRCXXBG2,2024-07-19,0.0
B0BSLWJKSX,2024-07-19,0.0
B0BSLVXHYJ,2024-07-19,0.0
B0CY5KFQBD,2024-07-19,23.1
B0CR4C98FS,2024-07-19,0.0
B0CR4BK4FW,2024-07-19,0.0
B0CR4BGLK5,2024-07-19,-0.86
B0CR4C5WXS,2024-07-19,0.0
B0CR49NR3B,2024-07-19,0.0
B0C9JLKFPZ,2024-07-19,22.74
B0CR4BG4ZW,2024-07-19,7.4
B0CFV6V981,2024-07-19,27.72
B0CR49BQRS,2024-07-19,0.64
B0CY5LR4VX,2024-07-19,-3.04
B0CR49N6MQ,2024-07-19,15.54
B09KDLQ2GW,2024-07-20,8.74
B09KDN7PYR,2024-07-20,0.0
B09KDPXYG3,2024-07-20,0.0
B09KDQ2BWY,2024-07-20,0.0
B0BGDWGRQB,2024-07-20,0.0
B09KDR64LT,2024-07-20,0.0
B09KDTHJ6V,2024-07-20,0.0
B09KDVXTP4,2024-07-20,0.0
B09KDW1YKQ,2024-07-20,0.0
B09KDNYCYR,2024-07-20,0.0
B09KTFXX6L,2024-07-20,144.8
B09MR3XT5G,2024-07-20,-2.6
B09KDZQJ6P,2024-07-20,26.24
B09KSYL73R,2024-07-20,218.62
B09KTF8ZDQ,2024-07-20,0.0
B09KTJRHC7,2024-07-20,15.34
B09KTMKDKJ,2024-07-20,-4.98
B09KTMLQ1N,2024-07-20,-1.92
B09MR2FY5D,2024-07-20,1098.76
B09KDXJJ6W,2024-07-20,0.0
B09MR2MLZH,2024-07-20,0.0
B09KDYY3SB,2024-07-20,1.66
B09MR3Y296,2024-07-20,-5.04
B09MR4G722,2024-07-20,0.0
B09MR4D874,2024-07-20,0.0
B09MR36MLJ,2024-07-20,0.0
B09X1JTK49,2024-07-20,0.0
B09MR4Z3H8,2024-07-20,21.92
B09MR4Z3H9,2024-07-20,0.0
B09MR56Q9N,2024-07-20,206.86
B09MR5Q6HJ,2024-07-20,0.0
B09MR5WS3Y,2024-07-20,0.0
B09X1F1L26,2024-07-20,22.42
B09X1F8C23,2024-07-20,485.12
B09X1HV1NL,2024-07-20,26.8
B09KSXP3HN,2024-07-20,981.0
B0BDRQWBK9,2024-07-20,0.0
B0B31SVP2Q,2024-07-20,0.0
B0B31T1XMH,2024-07-20,0.0
B0B31V3PKG,2024-07-20,0.0
B0B31VFJ6Q,2024-07-20,2.28
B0B31Y1FDZ,2024-07-20,0.0
B0B699PLXD,2024-07-20,0.0
B0B69B8R3C,2024-07-20,0.0
B0B69C4GST,2024-07-20,0.0
B0B69DK8JN,2024-07-20,0.0
B09MR4B13C,2024-07-20,-2.32
B0B31R1ZBV,2024-07-20,0.0
B0BG2PD396,2024-07-20,0.0
B0BRCYJ33N,2024-07-20,-3.08
B0BGDX2Z3L,2024-07-20,-1.04
B0BNL4S6MB,2024-07-20,0.0
B0BGDXV7FD,2024-07-20,21.12
B0BRCXQMS5,2024-07-20,198.02
B0BGDZLDX2,2024-07-20,0.0
B0BNKY8RQN,2024-07-20,0.0
B0BNKZ5BR1,2024-07-20,0.0
B0BNKZ88Z5,2024-07-20,0.0
B0BNKZBJX2,2024-07-20,0.0
B0BNL13PNY,2024-07-20,0.0
B0BNL3RDG4,2024-07-20,0.0
B0BRCXQRC9,2024-07-20,1.72
B0BNKZ9BJR,2024-07-20,0.0
B0BNL4Y2J9,2024-07-20,0.0
B0BNL5CJ8G,2024-07-20,0.0
B0BNL5HYLR,2024-07-20,0.0
B0BNL6H152,2024-07-20,0.0
B0BRCXP7VN,2024-07-20,0.0
B0BRCW2B64,2024-07-20,18.38
B0BRCW79VK,2024-07-20,0.0
B0BRCXDHBX,2024-07-20,447.88
B0BRCXJRX6,2024-07-20,40.04
B0B69G3YRM,2024-07-20,0.0
B0BRCXCXCV,2024-07-20,336.4
B0CR49N6MQ,2024-07-20,-1.68
B0BNL2VK7L,2024-07-20,0.0
B0BGDXM13S,2024-07-20,0.0
B0BRCY8QMH,2024-07-20,0.0
B0BRCYJ4SR,2024-07-20,0.0
B0BRCYK4JK,2024-07-20,-1.94
B0BRCYQNSW,2024-07-20,-6.36
B0BRCYV77T,2024-07-20,207.16
B0BRDCBGFD,2024-07-20,0.0
B0BRDCJWJC,2024-07-20,0.0
B0BSLVXHYJ,2024-07-20,0.0
B0BSLWJKSX,2024-07-20,0.0
B0C9JLKFPZ,2024-07-20,0.64
B0CR49BQRS,2024-07-20,-1.58
B0CFV6V981,2024-07-20,-6.56
B0CY5QQ49F,2024-07-20,17.62
B0CR49NR3B,2024-07-20,0.0
B0CR4BG4ZW,2024-07-20,19.06
B0CR4BGLK5,2024-07-20,13.54
B0CR4BK4FW,2024-07-20,0.0
B0CR4C5WXS,2024-07-20,0.0
B0CR4C98FS,2024-07-20,0.0
B0CY5KFQBD,2024-07-20,21.12
B0CY5LR4VX,2024-07-20,13.34
B0BRCXXBG2,2024-07-20,0.0
B09KDTHJ6V,2024-07-21,0.0
B09KDR64LT,2024-07-21,0.0
B09KDQ2BWY,2024-07-21,0.0
B09KDPXYG3,2024-07-21,0.0
B09MR3XT5G,2024-07-21,-6.4
B09KDN7PYR,2024-07-21,0.0
B0BDRQWBK9,2024-07-21,0.0
B09KDTS4DC,2024-07-21,0.0
B09MR3RSW8,2024-07-21,0.0
B09KDNYCYR,2024-07-21,0.0
B09KDVXTP4,2024-07-21,0.0
B09KT5HMNY,2024-07-21,0.0
B09KDXJJ6W,2024-07-21,0.0
B09KDYY3SB,2024-07-21,27.8
B09KDZQJ6P,2024-07-21,45.02
B09KSXP3HN,2024-07-21,1051.36
B09KTF8ZDQ,2024-07-21,0.0
B09KTFXX6L,2024-07-21,5.52
B09KTJRHC7,2024-07-21,-6.26
B09KTMKDKJ,2024-07-21,-1.32
B09KTMLQ1N,2024-07-21,-6.02
B09MR2FY5D,2024-07-21,1225.14
B09KDW1YKQ,2024-07-21,0.0
B09KSYL73R,2024-07-21,204.36
B09MR5Q6HJ,2024-07-21,0.0
B09MR3Y296,2024-07-21,-1.34
B09MR2MLZH,2024-07-21,0.0
B09X1F8C23,2024-07-21,656.5
B09X1F1L26,2024-07-21,-1.5
B09MR5WS3Y,2024-07-21,0.0
B09MR4D874,2024-07-21,0.0
B09MR56Q9N,2024-07-21,300.24
B09MR4Z3H9,2024-07-21,0.0
B09MR4Z3H8,2024-07-21,373.02
B09MR4G722,2024-07-21,0.0
B09X1JTK49,2024-07-21,0.0
B09X1HV1NL,2024-07-21,41.8
B0B69G3YRM,2024-07-21,0.0
B0B31R1ZBV,2024-07-21,0.0
B0B31SM3ZR,2024-07-21,0.0
B0B31SVP2Q,2024-07-21,0.0
B0B31T1XMH,2024-07-21,0.0
B0B31V3PKG,2024-07-21,0.0
B0B31VFJ6Q,2024-07-21,31.68
B0B31Y1FDZ,2024-07-21,0.0
B0B699PLXD,2024-07-21,0.0
B0B69C4GST,2024-07-21,0.0
B09KDLQ2GW,2024-07-21,-6.5
B0B69DK8JN,2024-07-21,0.0
B09MR4B13C,2024-07-21,-6.4
B09MR36MLJ,2024-07-21,0.0
B0BRCY8QMH,2024-07-21,0.0
B0B69DD2C7,2024-07-21,0.0
B0BRCXQMS5,2024-07-21,140.04
B0BNKZCWFL,2024-07-21,0.0
B0BG2T78CJ,2024-07-21,0.0
B0BG2Z8CY4,2024-07-21,0.0
B0BGDWGRQB,2024-07-21,0.0
B0BGDX2Z3L,2024-07-21,-6.24
B0BGDXM13S,2024-07-21,0.0
B0BGDXV7FD,2024-07-21,-6.26
B0BNKYPVM6,2024-07-21,0.0
B0BNKZ5BR1,2024-07-21,0.0
B0BNKZBJX2,2024-07-21,0.0
B0BGDZLDX2,2024-07-21,0.0
B0BNKZKGFG,2024-07-21,0.0
B0BRCW79VK,2024-07-21,0.0
B0BRCXJRX6,2024-07-21,106.92
B0BNL13PNY,2024-07-21,0.0
B0BRCXDHBX,2024-07-21,313.68
B0BRCXCXCV,2024-07-21,28.66
B0BRCXP7VN,2024-07-21,0.0
B0BRCW2B64,2024-07-21,35.18
B0BNL4S7GH,2024-07-21,0.0
B0BNL4S6MB,2024-07-21,0.0
B0B69SF1BT,2024-07-21,0.0
B0CY5QQ49F,2024-07-21,-2.48
B0BRCXXBG2,2024-07-21,0.0
B0BNKYZD2Z,2024-07-21,0.0
B0CY5LR4VX,2024-07-21,-6.5
B0BG2PD396,2024-07-21,0.0
B0BRCXQRC9,2024-07-21,17.36
B0BNL3RDG4,2024-07-21,0.0
B0BRCYJ33N,2024-07-21,-6.4
B0BRCYK4JK,2024-07-21,51.44
B0BRCYQNSW,2024-07-21,-5.28
B0BRCYV77T,2024-07-21,53.06
B0BRDCBGFD,2024-07-21,0.0
B0BRDCJWJC,2024-07-21,0.0
B0BSLVXHYJ,2024-07-21,0.0
B0BSLWJKSX,2024-07-21,0.0
B0C9JLKFPZ,2024-07-21,-6.26
B0BDRTZTGX,2024-07-21,0.0
B0CQVLFPBQ,2024-07-21,0.0
B0CFV6V981,2024-07-21,-3.28
B0CR4C98FS,2024-07-21,0.0
B0CR4C5WXS,2024-07-21,0.0
B0CR4BK4FW,2024-07-21,0.0
B0CR4BGLK5,2024-07-21,-6.46
B0CY5KFQBD,2024-07-21,-6.22
B0CR49NR3B,2024-07-21,0.0
B0CR49N6MQ,2024-07-21,-5.04
B0CR49BQRS,2024-07-21,-5.02
B0CR4BG4ZW,2024-07-21,65.5
B09KDVXTP4,2024-07-22,0.0
B09KDLQ2GW,2024-07-22,-5.42
B0B69SF1BT,2024-07-22,0.0
B09KDNYCYR,2024-07-22,0.0
B09KDPXYG3,2024-07-22,0.0
B09KDQ2BWY,2024-07-22,0.0
B09KDR64LT,2024-07-22,0.0
B09KDXJJ6W,2024-07-22,0.0
B09KDTHJ6V,2024-07-22,0.0
B09KDTS4DC,2024-07-22,0.0
B09KDW1YKQ,2024-07-22,0.0
B09KSYL73R,2024-07-22,156.8
B09MR2MLZH,2024-07-22,0.0
B09KDZQJ6P,2024-07-22,298.26
B09KSXP3HN,2024-07-22,330.12
B09KT5HMNY,2024-07-22,0.0
B09KTF8ZDQ,2024-07-22,0.0
B09KTFXX6L,2024-07-22,202.32
B09KTJRHC7,2024-07-22,-5.54
B09KTMKDKJ,2024-07-22,-0.02
B09KTMLQ1N,2024-07-22,-2.68
B09MR36MLJ,2024-07-22,0.0
B09KDYY3SB,2024-07-22,271.6
B09KDN7PYR,2024-07-22,0.0
B09MR4Z3H9,2024-07-22,0.0
B09MR3RSW8,2024-07-22,0.0
B09MR2FY5D,2024-07-22,1061.02
B09X1F1L26,2024-07-22,-5.62
B09MR5WS3Y,2024-07-22,0.0
B09MR5Q6HJ,2024-07-22,0.0
B09MR56Q9N,2024-07-22,225.64
B09MR3Y296,2024-07-22,-0.02
B09MR4Z3H8,2024-07-22,381.1
B09MR4G722,2024-07-22,0.0
B09MR4D874,2024-07-22,0.0
B09MR4B13C,2024-07-22,-5.42
B09X1HV1NL,2024-07-22,22.34
B09X1F8C23,2024-07-22,539.78
B0B69DD2C7,2024-07-22,0.0
B09X1JTK49,2024-07-22,0.0
B0B31R1ZBV,2024-07-22,0.0
B0B31SM3ZR,2024-07-22,0.0
B0B31SVP2Q,2024-07-22,0.0
B0B31T1XMH,2024-07-22,0.0
B0B31V3PKG,2024-07-22,0.0
B0B31VFJ6Q,2024-07-22,965.92
B0B31Y1FDZ,2024-07-22,0.0
B0B699PLXD,2024-07-22,0.0
B0B69C4GST,2024-07-22,0.0
B09MR3XT5G,2024-07-22,-5.42
B0B69G3YRM,2024-07-22,0.0
B0BRCXQRC9,2024-07-22,8.22
B0BDRQWBK9,2024-07-22,0.0
B0BRCXP7VN,2024-07-22,0.0
B0BG2PD396,2024-07-22,0.0
B0BG2T78CJ,2024-07-22,0.0
B0BG2Z8CY4,2024-07-22,0.0
B0BGDWGRQB,2024-07-22,0.0
B0BGDX2Z3L,2024-07-22,-5.54
B0BGDXM13S,2024-07-22,0.0
B0BGDZLDX2,2024-07-22,0.0
B0BNKYPVM6,2024-07-22,0.0
B0BNKZ5BR1,2024-07-22,0.0
B0BNKZBJX2,2024-07-22,0.0
B0BGDXV7FD,2024-07-22,-5.54
B0BNL13PNY,2024-07-22,0.0
B0BNL3RDG4,2024-07-22,0.0
B0BRCXJRX6,2024-07-22,155.8
B0BNL4S6MB,2024-07-22,0.0
B0BNL4S7GH,2024-07-22,0.0
B0BRCW2B64,2024-07-22,32.96
B0BRCW79VK,2024-07-22,0.0
B0BRCXCXCV,2024-07-22,284.06
B0B69DK8JN,2024-07-22,0.0
B0BNKZKGFG,2024-07-22,0.0
B0BNKZCWFL,2024-07-22,0.0
B0BRCXQMS5,2024-07-22,251.52
B0BRCXDHBX,2024-07-22,344.0
B0BRCXXBG2,2024-07-22,0.0
B0CY5QQ49F,2024-07-22,-3.94
B0BRCYJ33N,2024-07-22,-5.42
B0BRCYK4JK,2024-07-22,160.42
B0BRCYQNSW,2024-07-22,-1.18
B0BRCYV77T,2024-07-22,147.28
B0BRDCBGFD,2024-07-22,0.0
B0BRDCJWJC,2024-07-22,0.0
B0BSLVXHYJ,2024-07-22,0.0
B0BSLWJKSX,2024-07-22,0.0
B0C9JLKFPZ,2024-07-22,-5.54
B0CFV6V981,2024-07-22,-6.24
B0BRCY8QMH,2024-07-22,0.0
B0CR49BQRS,2024-07-22,-1.3
B0CQVLFPBQ,2024-07-22,0.0
B0CY5LR4VX,2024-07-22,-5.42
B0CY5KFQBD,2024-07-22,-5.6
B0CR4C98FS,2024-07-22,0.0
B0CR4C5WXS,2024-07-22,0.0
B0BDRTZTGX,2024-07-22,0.0
B0CR4BGLK5,2024-07-22,-5.44
B0CR4BG4ZW,2024-07-22,196.06
B0CR49NR3B,2024-07-22,0.0
B0CR49N6MQ,2024-07-22,27.98
B0CR4BK4FW,2024-07-22,0.0
B09KDVXTP4,2024-07-23,0.0
B09KDN7PYR,2024-07-23,0.0
B09KDNYCYR,2024-07-23,0.0
B09KDPXYG3,2024-07-23,0.0
B09KDQ2BWY,2024-07-23,0.0
B09KDR64LT,2024-07-23,0.0
B09KDTHJ6V,2024-07-23,0.0
B09KDTS4DC,2024-07-23,0.0
B0B69DK8JN,2024-07-23,0.0
B09KSYL73R,2024-07-23,170.66
B09KDXJJ6W,2024-07-23,0.0
B09KDYY3SB,2024-07-23,194.2
B09KDZQJ6P,2024-07-23,8.54
B09KSXP3HN,2024-07-23,46.84
B09KTMLQ1N,2024-07-23,5.16
B09KTF8ZDQ,2024-07-23,0.0
B09KTFXX6L,2024-07-23,259.1
B09KTJRHC7,2024-07-23,-1.16
B09KTMKDKJ,2024-07-23,0.0
B09MR2FY5D,2024-07-23,1101.28
B09KDW1YKQ,2024-07-23,0.0
B09MR2MLZH,2024-07-23,0.0
B0B699PLXD,2024-07-23,0.0
B09MR3RSW8,2024-07-23,0.0
B09X1F8C23,2024-07-23,592.1
B09MR3XT5G,2024-07-23,-1.16
B09MR3Y296,2024-07-23,0.0
B09MR4B13C,2024-07-23,-1.16
B09MR4D874,2024-07-23,0.0
B09MR4Z3H8,2024-07-23,367.18
B09MR4Z3H9,2024-07-23,0.0
B09MR56Q9N,2024-07-23,178.62
B09MR5Q6HJ,2024-07-23,0.0
B09MR5WS3Y,2024-07-23,0.0
B09X1F1L26,2024-07-23,-1.26
B09X1HV1NL,2024-07-23,17.4
B09X1JTK49,2024-07-23,0.0
B0B31R1ZBV,2024-07-23,0.0
B0B31SVP2Q,2024-07-23,0.0
B0B31T1XMH,2024-07-23,0.0
B0B31V3PKG,2024-07-23,0.0
B0B31VFJ6Q,2024-07-23,927.68
B0B31VTH56,2024-07-23,0.0
B0B31Y1FDZ,2024-07-23,0.0
B09MR36MLJ,2024-07-23,0.0
B09KDLQ2GW,2024-07-23,-1.16
B0B69C4GST,2024-07-23,0.0
B09KT5HMNY,2024-07-23,0.0
B0B69SF1BT,2024-07-23,0.0
B0BNL4CB4X,2024-07-23,0.0
B0BRCXQMS5,2024-07-23,290.22
B0BGDWGRQB,2024-07-23,0.0
B0BGDX2Z3L,2024-07-23,-1.16
B0BGDXV7FD,2024-07-23,-1.16
B0BNKYPVM6,2024-07-23,0.0
B0BDRQWBK9,2024-07-23,0.0
B0BNKZBJX2,2024-07-23,0.0
B0BNKZKGFG,2024-07-23,0.0
B0BNL13PNY,2024-07-23,0.0
B0BNL2VK7L,2024-07-23,0.0
B0BNKZ9BJR,2024-07-23,0.0
B0BRCXP7VN,2024-07-23,0.0
B0BNL5BKMK,2024-07-23,0.0
B0BNL5HYLR,2024-07-23,0.0
B0BRCW2B64,2024-07-23,27.72
B0BRCW79VK,2024-07-23,0.0
B0BRCXCXCV,2024-07-23,5.12
B0BRCXDHBX,2024-07-23,236.22
B0BRCXJRX6,2024-07-23,27.08
B0BNKZ5BR1,2024-07-23,0.0
B0BRCXQRC9,2024-07-23,5.1
B0CFV6V981,2024-07-23,-8.86
B0BNL4HPH9,2024-07-23,0.0
B0CY5QQ49F,2024-07-23,26.52
B0BRCY8QMH,2024-07-23,0.0
B0BRCYJ33N,2024-07-23,-1.16
B0BRCYJ4SR,2024-07-23,0.0
B0BRCYK4JK,2024-07-23,4.38
B0BRCYQNSW,2024-07-23,-0.02
B0BRCYV77T,2024-07-23,174.44
B0BRDCBGFD,2024-07-23,0.0
B0BRDCJWJC,2024-07-23,0.0
B0BSLTZV4Z,2024-07-23,0.0
B0BSLVXHYJ,2024-07-23,0.0
B0BRCXXBG2,2024-07-23,0.0
B0CR49BQRS,2024-07-23,-0.02
B0CR49N6MQ,2024-07-23,30.82
B0CR49NR3B,2024-07-23,0.0
B0CR4BG4ZW,2024-07-23,69.82
B0CR4BGLK5,2024-07-23,-0.5
B0CR4BK4FW,2024-07-23,0.0
B0CR4C5WXS,2024-07-23,0.0
B0CR4C98FS,2024-07-23,0.0
B0CY5KFQBD,2024-07-23,-1.16
B0CY5LR4VX,2024-07-23,-1.16
B0C9JLKFPZ,2024-07-23,1.72
B09KDTHJ6V,2024-07-24,0.0
B09KDR64LT,2024-07-24,0.0
B09KDQ2BWY,2024-07-24,0.0
B09KDXJJ6W,2024-07-24,0.0
B09KDNYCYR,2024-07-24,0.0
B0BGDWGRQB,2024-07-24,0.0
B09KDLQ2GW,2024-07-24,-0.02
B09KDPXYG3,2024-07-24,0.0
B09KDTS4DC,2024-07-24,0.0
B09KSYL73R,2024-07-24,205.88
B09KDYY3SB,2024-07-24,45.0
B09MR2MLZH,2024-07-24,0.0
B09KDZQJ6P,2024-07-24,1.98
B09KT5HMNY,2024-07-24,0.0
B09KTF8ZDQ,2024-07-24,0.0
B09KTFXX6L,2024-07-24,231.8
B09KTJRHC7,2024-07-24,-0.02
B09KTMKDKJ,2024-07-24,0.0
B09MR3RSW8,2024-07-24,0.0
B09KTMLQ1N,2024-07-24,150.4
B09KDVXTP4,2024-07-24,0.0
B09KSXP3HN,2024-07-24,440.44
B09X1JTK49,2024-07-24,0.0
B0BDRS6R5Z,2024-07-24,0.0
B09MR2FY5D,2024-07-24,941.8
B09MR5WS3Y,2024-07-24,0.0
B09X1F1L26,2024-07-24,-0.02
B09X1DHRLN,2024-07-24,0.0
B09MR4G722,2024-07-24,0.0
B09MR56Q9N,2024-07-24,214.96
B09MR4Z3H9,2024-07-24,0.0
B09MR4Z3H8,2024-07-24,453.94
B09X1HV1NL,2024-07-24,172.24
B09MR3Y296,2024-07-24,0.0
B09MR4B13C,2024-07-24,-0.02
B0B31T1XMH,2024-07-24,0.0
B0B31R1ZBV,2024-07-24,0.0
B0B31SVP2Q,2024-07-24,0.0
B0B31VFJ6Q,2024-07-24,873.18
B0B31Y1FDZ,2024-07-24,0.0
B0B69DK8JN,2024-07-24,0.0
B0B69GN5KJ,2024-07-24,0.0
B0BDRQWBK9,2024-07-24,0.0
B09MR3XT5G,2024-07-24,-0.02
B09X1F8C23,2024-07-24,499.82
B09KDN7PYR,2024-07-24,0.0
B0BGDX2Z3L,2024-07-24,-0.02
B0BRCXCXCV,2024-07-24,82.66
B0BNL64PBG,2024-07-24,0.0
B0BGDXV7FD,2024-07-24,-0.02
B0BRCY8QMH,2024-07-24,0.0
B0BGDZLDX2,2024-07-24,0.0
B0BNKYW36G,2024-07-24,0.0
B0BNKZ5BR1,2024-07-24,0.0
B0BNKZBJX2,2024-07-24,0.0
B0BNL117VT,2024-07-24,0.0
B0BNL4HPH9,2024-07-24,0.0
B0BRCYJ33N,2024-07-24,-0.02
B0BNL5HYLR,2024-07-24,0.0
B0BRCW2B64,2024-07-24,111.58
B0BRCXJRX6,2024-07-24,33.26
B0BRCXQRC9,2024-07-24,40.9
B0BRCXQMS5,2024-07-24,244.24
B0BRCXP7VN,2024-07-24,0.0
B0BRCXXBG2,2024-07-24,0.0
B0BRCXDHBX,2024-07-24,185.26
B0BG2PD396,2024-07-24,0.0
B0BRCW79VK,2024-07-24,0.0
B0BNL11QD8,2024-07-24,0.0
B0CQVLFPBQ,2024-07-24,0.0
B0BNL13PNY,2024-07-24,0.0
B0BGDXM13S,2024-07-24,0.0
B0CR49N6MQ,2024-07-24,39.98
B0BRCYK4JK,2024-07-24,27.18
B0BRCYQNSW,2024-07-24,0.0
B0BRCYV77T,2024-07-24,234.12
B0BRDCBGFD,2024-07-24,0.0
B0BRDCJWJC,2024-07-24,0.0
B0BSLTZV4Z,2024-07-24,0.0
B0C9JLKFPZ,2024-07-24,19.18
B0CFV6V981,2024-07-24,-3.06
B0CR49BQRS,2024-07-24,0.0
B0BSLVXHYJ,2024-07-24,0.0
B0BRCYJ4SR,2024-07-24,0.0
B0CY5QQ49F,2024-07-24,143.12
B0CR49NR3B,2024-07-24,0.0
B0CY5KFQBD,2024-07-24,-0.02
B0CR4C98FS,2024-07-24,0.0
B0CR4C5WXS,2024-07-24,0.0
B0CY5LR4VX,2024-07-24,-0.02
B0CR4BGLK5,2024-07-24,25.02
B0CR4BG4ZW,2024-07-24,252.1
B0CR4BK4FW,2024-07-24,0.0
B09KDR64LT,2024-07-25,0.0
B09KDVXTP4,2024-07-25,0.0
B0BDRQWBK9,2024-07-25,0.0
B09KDLQ2GW,2024-07-25,0.0
B09KDN7PYR,2024-07-25,0.0
B09KDNYCYR,2024-07-25,0.0
B09KDPXYG3,2024-07-25,0.0
B09KDQ2BWY,2024-07-25,0.0
B09KDTHJ6V,2024-07-25,0.0
B09KTFXX6L,2024-07-25,142.92
B09KDW1YKQ,2024-07-25,0.0
B09KTMLQ1N,2024-07-25,282.48
B09KDXJJ6W,2024-07-25,0.0
B09KDZQJ6P,2024-07-25,29.22
B09KSXP3HN,2024-07-25,320.06
B09KSYL73R,2024-07-25,266.92
B09KT5HMNY,2024-07-25,0.0
B09KTF8ZDQ,2024-07-25,0.0
B09MR2FY5D,2024-07-25,1071.22
B09KDTS4DC,2024-07-25,0.0
B09KDYY3SB,2024-07-25,229.06
B09KTJRHC7,2024-07-25,0.0
B0B31Y1FDZ,2024-07-25,0.0
B09MR4Z3H9,2024-07-25,0.0
B09MR5WS3Y,2024-07-25,0.0
B09MR56Q9N,2024-07-25,166.52
B09MR3Y296,2024-07-25,0.0
B09MR4Z3H8,2024-07-25,326.98
B09MR4D874,2024-07-25,0.0
B09MR4B13C,2024-07-25,0.0
B09X1F1L26,2024-07-25,0.0
B09MR3XT5G,2024-07-25,0.0
B09X1DHRLN,2024-07-25,0.0
B09X1JTK49,2024-07-25,0.0
B09X1F8C23,2024-07-25,551.3
B09X1FWK8Z,2024-07-25,0.0
B09X1HV1NL,2024-07-25,25.08
B0B31R1ZBV,2024-07-25,0.0
B0B31SM3ZR,2024-07-25,0.0
B0B31T1XMH,2024-07-25,0.0
B0B31VFJ6Q,2024-07-25,401.78
B09MR2MLZH,2024-07-25,0.0
B09MR3RSW8,2024-07-25,0.0
B09KTMKDKJ,2024-07-25,0.0
B0B31VTH56,2024-07-25,0.0
B0BRCYK4JK,2024-07-25,52.52
B0BNL13PNY,2024-07-25,0.0
B0BRCXQMS5,2024-07-25,325.1
B0BGDWGRQB,2024-07-25,0.0
B0BGDX2Z3L,2024-07-25,0.0
B0BGDXM13S,2024-07-25,0.0
B0BGDXV7FD,2024-07-25,0.0
B0BNKYW36G,2024-07-25,0.0
B0BNKZ5BR1,2024-07-25,0.0
B0BNL11QD8,2024-07-25,0.0
B0BRCXQRC9,2024-07-25,275.16
B0BG2Z8CY4,2024-07-25,0.0
B0BNL64PBG,2024-07-25,0.0
B0BRCW2B64,2024-07-25,430.28
B0BRCW79VK,2024-07-25,0.0
B0BRCXCXCV,2024-07-25,195.66
B0BRCXDHBX,2024-07-25,296.18
B0BRCXJRX6,2024-07-25,23.76
B0BRCXP7VN,2024-07-25,0.0
B0BNL5BKMK,2024-07-25,0.0
B0B69DD2C7,2024-07-25,0.0
B0BNL4HPH9,2024-07-25,0.0
B0BG2PD396,2024-07-25,0.0
B0BNL117VT,2024-07-25,0.0
B0CY5QQ49F,2024-07-25,43.86
B0BDRS6R5Z,2024-07-25,0.0
B0BRCY8QMH,2024-07-25,0.0
B0BRCXXBG2,2024-07-25,0.0
B0BRCYJ33N,2024-07-25,0.0
B0BRCYQNSW,2024-07-25,0.0
B0BRCYV77T,2024-07-25,135.5
B0BRDCBGFD,2024-07-25,0.0
B0C9JLKFPZ,2024-07-25,37.34
B0CFV6V981,2024-07-25,-3.78
B0CQVLFPBQ,2024-07-25,0.0
B0BRDCJWJC,2024-07-25,0.0
B0CR49N6MQ,2024-07-25,44.1
B0CY5LR4VX,2024-07-25,0.0
B0CR49BQRS,2024-07-25,0.0
B0CR4C98FS,2024-07-25,0.0
B0CR4C5WXS,2024-07-25,0.0
B0CR4BK4FW,2024-07-25,0.0
B0CY5KFQBD,2024-07-25,0.0
B0CR4BG4ZW,2024-07-25,75.94
B0CR49NR3B,2024-07-25,0.0
B0CR4BGLK5,2024-07-25,44.02
B09KDTS4DC,2024-07-26,0.0
B09KDXJJ6W,2024-07-26,0.0
B09KDLQ2GW,2024-07-26,0.0
B09KDNYCYR,2024-07-26,0.0
B09KDPXYG3,2024-07-26,0.0
B09KDQ2BWY,2024-07-26,0.0
B09KDR64LT,2024-07-26,0.0
B09KDTHJ6V,2024-07-26,0.0
B09KDVXTP4,2024-07-26,0.0
B09KTMKDKJ,2024-07-26,0.0
B0B69FBGN1,2024-07-26,0.0
B09MR2FY5D,2024-07-26,-7.86
B09KDZQJ6P,2024-07-26,93.22
B09KSXP3HN,2024-07-26,323.0
B09KSYL73R,2024-07-26,33.58
B09KT5HMNY,2024-07-26,0.0
B09KTF8ZDQ,2024-07-26,0.0
B09KTFXX6L,2024-07-26,17.78
B09KTJRHC7,2024-07-26,0.0
B09MR2MLZH,2024-07-26,0.0
B09KDW1YKQ,2024-07-26,0.0
B09KDYY3SB,2024-07-26,-7.54
B09MR3Y296,2024-07-26,0.0
B09MR3RSW8,2024-07-26,0.0
B09KTMLQ1N,2024-07-26,196.86
B09X1F8C23,2024-07-26,429.32
B09MR4B13C,2024-07-26,0.0
B09MR4D874,2024-07-26,0.0
B09MR4G722,2024-07-26,0.0
B09MR4Z3H8,2024-07-26,136.3
B09MR4Z3H9,2024-07-26,0.0
B09MR56Q9N,2024-07-26,154.88
B09MR5WS3Y,2024-07-26,0.0
B09MR3XT5G,2024-07-26,0.0
B09X1DHRLN,2024-07-26,0.0
B0B31T1XMH,2024-07-26,0.0
B09X1HV1NL,2024-07-26,157.92
B09X1JTK49,2024-07-26,0.0
B0B31R1ZBV,2024-07-26,0.0
B0B31SM3ZR,2024-07-26,0.0
B0B31VFJ6Q,2024-07-26,127.0
B0B31VTH56,2024-07-26,0.0
B0B31Y1FDZ,2024-07-26,0.0
B0B69C4GST,2024-07-26,0.0
B09X1F1L26,2024-07-26,0.0
B0B69DK8JN,2024-07-26,0.0
B0B699PLXD,2024-07-26,0.0
B0B69SF1BT,2024-07-26,0.0
B0BRCXP7VN,2024-07-26,0.0
B0BG2PD396,2024-07-26,0.0
B0BG2T78CJ,2024-07-26,0.0
B0BGDWGRQB,2024-07-26,0.0
B0BGDX2Z3L,2024-07-26,0.0
B0BGDXM13S,2024-07-26,0.0
B0BGDXV7FD,2024-07-26,0.0
B0BNKYZD2Z,2024-07-26,0.0
B0BNKZ5BR1,2024-07-26,0.0
B0BNL11QD8,2024-07-26,0.0
B0BRCYJ33N,2024-07-26,0.0
B0BNL3J36Z,2024-07-26,0.0
B0BNL4CB4X,2024-07-26,0.0
B0BNL5BKMK,2024-07-26,0.0
B0BRCW2B64,2024-07-26,327.68
B0BRCW79VK,2024-07-26,0.0
B0BRCXCXCV,2024-07-26,3.36
B0BRCXDHBX,2024-07-26,207.62
B0BRCXJRX6,2024-07-26,64.48
B0BNL424DV,2024-07-26,0.0
B0BDRS6R5Z,2024-07-26,0.0
B0BRCXQMS5,2024-07-26,171.74
B0BNKZ88Z5,2024-07-26,0.0
B0BRCXXBG2,2024-07-26,0.0
B0CY5QQ49F,2024-07-26,-0.62
B0CR49BQRS,2024-07-26,0.0
B0BRCY8QMH,2024-07-26,0.0
B0BRCYJ4SR,2024-07-26,0.0
B0BRCYK4JK,2024-07-26,93.2
B0BRCYQNSW,2024-07-26,0.0
B0BRDCBGFD,2024-07-26,0.0
B0BRDCJWJC,2024-07-26,0.0
B0C9JLKFPZ,2024-07-26,1.04
B0CFV6V981,2024-07-26,-0.02
B0BRCYV77T,2024-07-26,125.86
B0BRCXQRC9,2024-07-26,101.32
B0CR49NR3B,2024-07-26,0.0
B0CR4BG4ZW,2024-07-26,-7.5
B0CR4BGLK5,2024-07-26,1.82
B0CR4BK4FW,2024-07-26,0.0
B0CR4C5WXS,2024-07-26,0.0
B0CR4C98FS,2024-07-26,0.0
B0CY5KFQBD,2024-07-26,0.0
B0CY5LR4VX,2024-07-26,0.0
B0CR49N6MQ,2024-07-26,85.58
B0BDRQWBK9,2024-07-26,0.0
B09KTMLQ1N,2024-07-27,185.6
B09KTMKDKJ,2024-07-27,0.0
B09KTJRHC7,2024-07-27,0.0
B09KTFXX6L,2024-07-27,40.44
B09KDPXYG3,2024-07-27,0.0
B09KSXP3HN,2024-07-27,43.9
B09KDZQJ6P,2024-07-27,-0.42
B09KDYY3SB,2024-07-27,-5.64
B09MR2FY5D,2024-07-27,-6.58
B09KSYL73R,2024-07-27,202.94
B09KDLQ2GW,2024-07-27,0.0
B0BNKYZD2Z,2024-07-27,0.0
B09MR4Z3H8,2024-07-27,-7.78
B09MR56Q9N,2024-07-27,30.72
B09X1F1L26,2024-07-27,0.0
B09X1F8C23,2024-07-27,325.36
B09X1HV1NL,2024-07-27,136.56
B0B31VFJ6Q,2024-07-27,36.7
B0BG2PD396,2024-07-27,0.0
B0BGDX2Z3L,2024-07-27,0.0
B0BGDXV7FD,2024-07-27,0.0
B09MR3XT5G,2024-07-27,0.0
B09MR4B13C,2024-07-27,0.0
B0BNKZ88Z5,2024-07-27,0.0
B0BNL3J36Z,2024-07-27,0.0
B0BNL5BKMK,2024-07-27,0.0
B0BRCW2B64,2024-07-27,239.0
B0BRCYK4JK,2024-07-27,127.26
B0BRCYJ33N,2024-07-27,0.0
B0BRCXQRC9,2024-07-27,-3.68
B0BRCW79VK,2024-07-27,0.0
B0BRCXJRX6,2024-07-27,-3.42
B0BRCXDHBX,2024-07-27,192.54
B0BRCXCXCV,2024-07-27,94.86
B0BRCYV77T,2024-07-27,-7.7
B0BRCXQMS5,2024-07-27,116.04
B0C9JLKFPZ,2024-07-27,61.78
B0BRCYQNSW,2024-07-27,0.0
B0CR49BQRS,2024-07-27,0.0
B0CR49N6MQ,2024-07-27,-3.48
B0CR49NR3B,2024-07-27,0.0
B0CR4BG4ZW,2024-07-27,-2.26
B0CR4BGLK5,2024-07-27,195.68
B0CR4BK4FW,2024-07-27,0.0
B0CR4C5WXS,2024-07-27,0.0
B0CR4C98FS,2024-07-27,0.0
B0CY5KFQBD,2024-07-27,0.0
B0CY5QQ49F,2024-07-27,-1.7
B0CFV6V981,2024-07-27,3.02
B0CY5LR4VX,2024-07-27,0.0
B0BNL3J36Z,2024-07-28,0.0
B09MR2FY5D,2024-07-28,-6.34
B09KTMLQ1N,2024-07-28,-4.12
B09KDYY3SB,2024-07-28,-2.14
B09KTFXX6L,2024-07-28,-7.74
B09KSYL73R,2024-07-28,-7.74
B09KSXP3HN,2024-07-28,-7.86
B09KDZQJ6P,2024-07-28,-2.66
B09KTJRHC7,2024-07-28,0.0
B09MR3XT5G,2024-07-28,0.0
B0B31VFJ6Q,2024-07-28,-7.82
B09X1F1L26,2024-07-28,0.0
B09X1F8C23,2024-07-28,-7.82
B09X1HV1NL,2024-07-28,-7.7
B0B31Y1FDZ,2024-07-28,0.0
B0BG2PD396,2024-07-28,0.0
B0BGDX2Z3L,2024-07-28,0.0
B0BGDXV7FD,2024-07-28,0.0
B0BNKYZD2Z,2024-07-28,0.0
B09MR4B13C,2024-07-28,0.0
B09KDPXYG3,2024-07-28,0.0
B09MR56Q9N,2024-07-28,-7.9
B09KDLQ2GW,2024-07-28,0.0
B0CR49N6MQ,2024-07-28,-0.56
B09MR4Z3H8,2024-07-28,-6.62
B0BRCYV77T,2024-07-28,-6.62
B0BRCYK4JK,2024-07-28,-3.68
B0BRCYJ33N,2024-07-28,0.0
B0BRCW79VK,2024-07-28,0.0
B0BRCXQMS5,2024-07-28,-7.82
B0BRCXJRX6,2024-07-28,-0.5
B0BRCXDHBX,2024-07-28,-7.82
B0BRCXCXCV,2024-07-28,-3.88
B0BRCXQRC9,2024-07-28,-1.76
B0C9JLKFPZ,2024-07-28,-3.46
B0BNKZ88Z5,2024-07-28,0.0
B0CR4BG4ZW,2024-07-28,-6.28
B0CR49NR3B,2024-07-28,0.0
B0CR4BGLK5,2024-07-28,-3.42
B0CR4BK4FW,2024-07-28,0.0
B0CR4C5WXS,2024-07-28,0.0
B0CR4C98FS,2024-07-28,0.0
B0CY5KFQBD,2024-07-28,0.0
B0CY5LR4VX,2024-07-28,0.0
B0BRCW2B64,2024-07-28,-4.12
B0CFV6V981,2024-07-28,2.46
B0BNL5BKMK,2024-07-28,0.0
B0CR49BQRS,2024-07-28,0.0
B0CY5QQ49F,2024-07-28,-4.98
