date,Item Id,predicted_units
01-07-2024,B09KDR64LT,1.9140625
01-07-2024,B09KDTS4DC,5.717285156
01-07-2024,B09KDTHJ6V,2.18359375
01-07-2024,B09KDQ2BWY,2.706542969
01-07-2024,B09KDYY3SB,3.323974609
01-07-2024,B09KDNYCYR,6.066894531
01-07-2024,B09KDN7PYR,3.757568359
01-07-2024,B09KDLQ2GW,3.141845703
01-07-2024,B0BDRTZTGX,19.61157227
01-07-2024,B09KDVXTP4,2.586914063
01-07-2024,B09KDPXYG3,2.052734375
01-07-2024,B09KDW1YKQ,1.655761719
01-07-2024,B09MR36MLJ,5.465576172
01-07-2024,B09KDZQJ6P,12.67456055
01-07-2024,B09MR3Y296,106.8032227
01-07-2024,B09KSXP3HN,8.436767578
01-07-2024,B09KT5HMNY,131.4387207
01-07-2024,B09KTF8ZDQ,26.23730469
01-07-2024,B09KTFXX6L,5.185058594
01-07-2024,B09KTJRHC7,25.58813477
01-07-2024,B09KTMKDKJ,42.9909668
01-07-2024,B09KTMLQ1N,14.17626953
01-07-2024,B09MR2FY5D,10.79956055
01-07-2024,B09MR2MLZH,11.06079102
01-07-2024,B09MR4B13C,101.4362793
01-07-2024,B09KDXJJ6W,2.757080078
01-07-2024,B09KSYL73R,12.23632813
01-07-2024,B0B31VFJ6Q,5.896972656
01-07-2024,B09MR4G722,5.568359375
01-07-2024,B09MR3RSW8,18.35522461
01-07-2024,B0B31SM3ZR,5.297363281
01-07-2024,B0B31R1ZBV,9.557128906
01-07-2024,B09X1JTK49,3.167724609
01-07-2024,B09X1HV1NL,2.585693359
01-07-2024,B09X1H629F,1.173339844
01-07-2024,B09X1F1L26,5.822021484
01-07-2024,B09X1F8C23,4.177246094
01-07-2024,B09X1DHRLN,1.310546875
01-07-2024,B09MR5WS3Y,1.650634766
01-07-2024,B09MR56Q9N,4.891601563
01-07-2024,B0B31T1XMH,3.618164063
01-07-2024,B09MR4Z3H8,12.19824219
01-07-2024,B09MR4Z3H9,7.223632813
01-07-2024,B0B31V3PKG,2.046142578
01-07-2024,B0B31VTH56,5.619873047
01-07-2024,B0B31Y1FDZ,9.215332031
01-07-2024,B0B699PLXD,32.24291992
01-07-2024,B0B69B8R3C,7.665771484
01-07-2024,B0B69C4GST,6.337158203
01-07-2024,B0B69DD2C7,11.21289063
01-07-2024,B0B69DK8JN,14.25366211
01-07-2024,B0B69FBGN1,9.423828125
01-07-2024,B0B69G3YRM,3.359619141
01-07-2024,B0B69GN5KJ,5.114257813
01-07-2024,B0B69SF1BT,6.648193359
01-07-2024,B0BDRQWBK9,18.21850586
01-07-2024,B09MR3XT5G,29.13134766
01-07-2024,B09X1FWK8Z,1.492919922
01-07-2024,B0CY5QQ49F,1.608642578
01-07-2024,B0BNKZYHRX,2.137207031
01-07-2024,B0BRCXJ1F6,1.622802734
01-07-2024,B0BGDWGRQB,166.3835449
01-07-2024,B0BGDX2Z3L,57.04321289
01-07-2024,B0BGDXM13S,2.273681641
01-07-2024,B0BGDXV7FD,10.61254883
01-07-2024,B0BGDZLDX2,36.30883789
01-07-2024,B0BNKXC5H1,2.153564453
01-07-2024,B0BNKY8RQN,1.735839844
01-07-2024,B0BNKYZD2Z,1.916748047
01-07-2024,B0BNKZ88Z5,1.686035156
01-07-2024,B0BNKZCWFL,1.838134766
01-07-2024,B0BRCXJRX6,5.23828125
01-07-2024,B0BG2Z8CY4,4.184326172
01-07-2024,B0BNL5BKMK,1.588867188
01-07-2024,B0BNL1CG6X,1.777099609
01-07-2024,B0BRCXCXCV,3.570800781
01-07-2024,B0BRCW79VK,5.411376953
01-07-2024,B0BRCW2B64,3.726318359
01-07-2024,B0BNL7TJRT,1.572753906
01-07-2024,B0BRCXDHBX,12.75830078
01-07-2024,B0BNL4S6MB,1.797363281
01-07-2024,B0BNL3YY1C,1.720947266
01-07-2024,B0BNL3J36Z,1.657226563
01-07-2024,B0BNL4L4K5,1.709960938
01-07-2024,B0BDRS6R5Z,29.73608398
01-07-2024,B0BNL11QD8,1.46875
01-07-2024,B0BSLTZV4Z,2.956054688
01-07-2024,B0BNKZ9BJR,2.140380859
01-07-2024,B0BG2T78CJ,4.006835938
01-07-2024,B0BRCXQMS5,6.920166016
01-07-2024,B0C9JLKFPZ,1.697753906
01-07-2024,B0BRCXQRC9,12.10791016
01-07-2024,B0BRCXXBG2,8.836425781
01-07-2024,B0BRCY8QMH,11.72802734
01-07-2024,B0BRCYJ33N,5.96875
01-07-2024,B0BRCYJ4SR,16.87939453
01-07-2024,B0BRCYK4JK,4.394287109
01-07-2024,B0BRCYQNSW,52.98608398
01-07-2024,B0BRCYV77T,7.229736328
01-07-2024,B0BRDCBGFD,7.326171875
01-07-2024,B0BRDCJWJC,3.040283203
01-07-2024,B0BSLTV9FL,0.72265625
01-07-2024,B0BSLWJKSX,3.072021484
01-07-2024,B0BG2PD396,18.34570313
01-07-2024,B0CY5LR4VX,1.979248047
01-07-2024,B0CFV6V981,33.10375977
01-07-2024,B0CY5KFQBD,2.744873047
01-07-2024,B0CR4C98FS,2.480712891
01-07-2024,B0CR4C5WXS,2.10546875
01-07-2024,B0CR4BGLK5,2.366943359
01-07-2024,B0CR4BK4FW,2.81640625
01-07-2024,B0CR49NR3B,2.421142578
01-07-2024,B0CR49N6MQ,2.737548828
01-07-2024,B0CR49BQRS,2.4140625
01-07-2024,B0CQVLFPBQ,2.186767578
01-07-2024,B0BRCXP7VN,7.066894531
01-07-2024,B0CR4BG4ZW,2.277832031
02-07-2024,B09KDTHJ6V,1.912109375
02-07-2024,B09KDW1YKQ,1.384277344
02-07-2024,B09KDVXTP4,2.315429688
02-07-2024,B09KDTS4DC,5.445800781
02-07-2024,B09KDR64LT,1.642578125
02-07-2024,B09KDZQJ6P,12.40307617
02-07-2024,B09KDPXYG3,1.78125
02-07-2024,B09KDNYCYR,5.795410156
02-07-2024,B09KDN7PYR,3.486328125
02-07-2024,B0BDRTZTGX,19.34008789
02-07-2024,B09KDXJJ6W,2.485595703
02-07-2024,B09KDQ2BWY,2.435058594
02-07-2024,B09KDYY3SB,3.052490234
02-07-2024,B09KTJRHC7,25.31665039
02-07-2024,B09MR3Y296,106.5317383
02-07-2024,B09KSYL73R,11.96484375
02-07-2024,B09KT5HMNY,131.1672363
02-07-2024,B09KTF8ZDQ,25.96582031
02-07-2024,B09KTFXX6L,4.913574219
02-07-2024,B09KTMKDKJ,42.71948242
02-07-2024,B09KTMLQ1N,13.90478516
02-07-2024,B09MR2FY5D,10.52807617
02-07-2024,B09MR2MLZH,10.78930664
02-07-2024,B09MR36MLJ,5.194091797
02-07-2024,B09MR3RSW8,18.08374023
02-07-2024,B09MR3XT5G,28.85986328
02-07-2024,B09KSXP3HN,8.165283203
02-07-2024,B09MR4B13C,101.1647949
02-07-2024,B09X1F8C23,3.905761719
02-07-2024,B09MR4Z3H8,11.92675781
02-07-2024,B0B31R1ZBV,9.285644531
02-07-2024,B09X1JTK49,2.896240234
02-07-2024,B09X1HV1NL,2.314208984
02-07-2024,B09X1H629F,0.901855469
02-07-2024,B09X1FWK8Z,1.221435547
02-07-2024,B09X1DHRLN,1.0390625
02-07-2024,B09X1F1L26,5.550537109
02-07-2024,B09MR5WS3Y,1.379150391
02-07-2024,B09MR56Q9N,4.620117188
02-07-2024,B09MR4Z3H9,6.952148438
02-07-2024,B0B31T1XMH,3.346679688
02-07-2024,B0B31SM3ZR,5.025878906
02-07-2024,B09KDLQ2GW,2.870605469
02-07-2024,B0B69SF1BT,6.376708984
02-07-2024,B0B31VFJ6Q,5.625488281
02-07-2024,B0B31VTH56,5.348388672
02-07-2024,B0B31Y1FDZ,8.943847656
02-07-2024,B0B699PLXD,31.97143555
02-07-2024,B0B69B8R3C,7.394287109
02-07-2024,B0B69C4GST,6.065673828
02-07-2024,B0B69DD2C7,10.94140625
02-07-2024,B0B69DK8JN,13.98217773
02-07-2024,B0B69FBGN1,9.15234375
02-07-2024,B0B69G3YRM,3.088134766
02-07-2024,B0B69GN5KJ,4.842773438
02-07-2024,B09MR4G722,5.296875
02-07-2024,B0B31V3PKG,1.774658203
02-07-2024,B0BDRQWBK9,17.94702148
02-07-2024,B0BG2PD396,18.07421875
02-07-2024,B0BSLWJKSX,2.800537109
02-07-2024,B0BG2T78CJ,3.735351563
02-07-2024,B0BG2Z8CY4,3.912841797
02-07-2024,B0BGDWGRQB,166.1120605
02-07-2024,B0BGDX2Z3L,56.77172852
02-07-2024,B0BGDXM13S,2.002197266
02-07-2024,B0BGDXV7FD,10.34106445
02-07-2024,B0BGDZLDX2,36.03735352
02-07-2024,B0BNKY8RQN,1.464355469
02-07-2024,B0BNKYZD2Z,1.645263672
02-07-2024,B0BNKZ88Z5,1.414550781
02-07-2024,B0BNKZ9BJR,1.868896484
02-07-2024,B0BNKZCWFL,1.566650391
02-07-2024,B0BNKZYHRX,1.865722656
02-07-2024,B0BNKXC5H1,1.882080078
02-07-2024,B0BNL7TJRT,1.301269531
02-07-2024,B0BNL1CG6X,1.505615234
02-07-2024,B0BRCXDHBX,12.48681641
02-07-2024,B0BRCXCXCV,3.299316406
02-07-2024,B0BRCW79VK,5.139892578
02-07-2024,B0BRCW2B64,3.454833984
02-07-2024,B0BRCXJ1F6,1.351318359
02-07-2024,B0BNL5BKMK,1.317382813
02-07-2024,B0BNL4L4K5,1.438476563
02-07-2024,B0BNL3YY1C,1.449462891
02-07-2024,B0BNL3J36Z,1.385742188
02-07-2024,B0BDRS6R5Z,29.46459961
02-07-2024,B0BNL11QD8,1.197265625
02-07-2024,B0BRCXJRX6,4.966796875
02-07-2024,B0BNL4S6MB,1.525878906
02-07-2024,B0BRCXQMS5,6.648681641
02-07-2024,B0CY5QQ49F,1.337158203
02-07-2024,B0BRCXXBG2,8.564941406
02-07-2024,B0BRCY8QMH,11.45654297
02-07-2024,B0BRCYJ33N,5.697265625
02-07-2024,B0BRCYJ4SR,16.60791016
02-07-2024,B0BRCYK4JK,4.122802734
02-07-2024,B0BRCYQNSW,52.71459961
02-07-2024,B0BRCYV77T,6.958251953
02-07-2024,B0BRDCBGFD,7.0546875
02-07-2024,B0BRDCJWJC,2.768798828
02-07-2024,B0BSLTV9FL,0.451171875
02-07-2024,B0BSLTZV4Z,2.684570313
02-07-2024,B0C9JLKFPZ,1.426269531
02-07-2024,B0BRCXQRC9,11.83642578
02-07-2024,B0CFV6V981,32.83227539
02-07-2024,B0BRCXP7VN,6.795410156
02-07-2024,B0CY5LR4VX,1.707763672
02-07-2024,B0CY5KFQBD,2.473388672
02-07-2024,B0CR4C98FS,2.209228516
02-07-2024,B0CR4BK4FW,2.544921875
02-07-2024,B0CR4C5WXS,1.833984375
02-07-2024,B0CR4BG4ZW,2.006347656
02-07-2024,B0CR49NR3B,2.149658203
02-07-2024,B0CR49N6MQ,2.466064453
02-07-2024,B0CR49BQRS,2.142578125
02-07-2024,B0CQVLFPBQ,1.915283203
02-07-2024,B0CR4BGLK5,2.095458984
03-07-2024,B09KDVXTP4,2.044189453
03-07-2024,B09KDXJJ6W,2.214355469
03-07-2024,B09KDW1YKQ,1.113037109
03-07-2024,B09KDTS4DC,5.174560547
03-07-2024,B09KDN7PYR,3.215087891
03-07-2024,B09KDR64LT,1.371337891
03-07-2024,B09KDQ2BWY,2.163818359
03-07-2024,B09KDPXYG3,1.510009766
03-07-2024,B09KDNYCYR,5.524169922
03-07-2024,B09KDTHJ6V,1.640869141
03-07-2024,B09KDYY3SB,2.78125
03-07-2024,B09KTF8ZDQ,25.69458008
03-07-2024,B09KDZQJ6P,12.13183594
03-07-2024,B09KSXP3HN,7.894042969
03-07-2024,B09KSYL73R,11.69360352
03-07-2024,B09KT5HMNY,130.8959961
03-07-2024,B09KTFXX6L,4.642333984
03-07-2024,B09KTJRHC7,25.04541016
03-07-2024,B09KTMKDKJ,42.44824219
03-07-2024,B09KTMLQ1N,13.63354492
03-07-2024,B09MR2FY5D,10.25683594
03-07-2024,B09MR2MLZH,10.51806641
03-07-2024,B09MR36MLJ,4.922851563
03-07-2024,B09MR3XT5G,28.58862305
03-07-2024,B09KDLQ2GW,2.599365234
03-07-2024,B09MR3Y296,106.260498
03-07-2024,B0B31VFJ6Q,5.354248047
03-07-2024,B09MR4G722,5.025634766
03-07-2024,B09MR3RSW8,17.8125
03-07-2024,B09X1F1L26,5.279296875
03-07-2024,B0B31SM3ZR,4.754638672
03-07-2024,B0B31R1ZBV,9.014404297
03-07-2024,B09X1JTK49,2.625
03-07-2024,B09X1HV1NL,2.04296875
03-07-2024,B09X1F8C23,3.634521484
03-07-2024,B09MR4Z3H8,11.65551758
03-07-2024,B09MR5WS3Y,1.107910156
03-07-2024,B09MR5Q6HJ,5.497802734
03-07-2024,B09MR56Q9N,4.348876953
03-07-2024,B09MR4Z3H9,6.680908203
03-07-2024,B0B31T1XMH,3.075439453
03-07-2024,B0B69B8R3C,7.123046875
03-07-2024,B0B31VTH56,5.077148438
03-07-2024,B0B31Y1FDZ,8.672607422
03-07-2024,B0B699PLXD,31.70019531
03-07-2024,B09MR4B13C,100.8935547
03-07-2024,B0B69C4GST,5.794433594
03-07-2024,B0B69DD2C7,10.67016602
03-07-2024,B0B69DK8JN,13.7109375
03-07-2024,B0B69FBGN1,8.881103516
03-07-2024,B0B69GN5KJ,4.571533203
03-07-2024,B0B69SF1BT,6.10546875
03-07-2024,B0BDRQWBK9,17.67578125
03-07-2024,B0BDRTZTGX,19.06884766
03-07-2024,B0BDRS6R5Z,29.19335938
03-07-2024,B0B31V3PKG,1.503417969
03-07-2024,B0BG2PD396,17.80297852
03-07-2024,B0BNKZKGFG,0.972412109
03-07-2024,B0BRCXDHBX,12.21557617
03-07-2024,B0BG2T78CJ,3.464111328
03-07-2024,B0BG2Z8CY4,3.641601563
03-07-2024,B0BGDWGRQB,165.8408203
03-07-2024,B0BGDX2Z3L,56.50048828
03-07-2024,B0BGDXM13S,1.730957031
03-07-2024,B0BGDXV7FD,10.06982422
03-07-2024,B0BGDZLDX2,35.76611328
03-07-2024,B0BNKYZD2Z,1.374023438
03-07-2024,B0BNKZ88Z5,1.143310547
03-07-2024,B0BNKZ9BJR,1.59765625
03-07-2024,B0BNKZCWFL,1.295410156
03-07-2024,B0BNL43XHH,1.188720703
03-07-2024,B0BNKXC5H1,1.610839844
03-07-2024,B0BNL11QD8,0.926025391
03-07-2024,B0BNL4Y2J9,1.194580078
03-07-2024,B0BRCW79VK,4.868652344
03-07-2024,B0BRCW2B64,3.18359375
03-07-2024,B0BNL7TJRT,1.030029297
03-07-2024,B0BNL5BKMK,1.046142578
03-07-2024,B0BRCXCXCV,3.028076172
03-07-2024,B0BNL4S6MB,1.254638672
03-07-2024,B0BNL3RDG4,1.278564453
03-07-2024,B0BNL3J36Z,1.114501953
03-07-2024,B0BRCXJ1F6,1.080078125
03-07-2024,B0BRDCJWJC,2.497558594
03-07-2024,B0CFV6V981,32.56103516
03-07-2024,B0BG2QXQ9V,1.388183594
03-07-2024,B0BRCXJRX6,4.695556641
03-07-2024,B0BRCXQMS5,6.377441406
03-07-2024,B0BRCXQRC9,11.56518555
03-07-2024,B0BRCXSTKW,1.220214844
03-07-2024,B0BRCXXBG2,8.293701172
03-07-2024,B0BRCY8QMH,11.18530273
03-07-2024,B0BRCYJ33N,5.426025391
03-07-2024,B0BRCXP7VN,6.524169922
03-07-2024,B0BRCYK4JK,3.8515625
03-07-2024,B0BRCYQNSW,52.44335938
03-07-2024,B0BRCYV77T,6.687011719
03-07-2024,B0BRDCBGFD,6.783447266
03-07-2024,B0BRCYJ4SR,16.33666992
03-07-2024,B0C9JLKFPZ,1.155029297
03-07-2024,B0BSLWJKSX,2.529296875
03-07-2024,B0CY5LR4VX,1.436523438
03-07-2024,B0CY5KFQBD,2.202148438
03-07-2024,B0CR4C98FS,1.937988281
03-07-2024,B0CR4C5WXS,1.562744141
03-07-2024,B0CY5QQ49F,1.065917969
03-07-2024,B0CR4BGLK5,1.82421875
03-07-2024,B0CR4BG4ZW,1.735107422
03-07-2024,B0CR49NR3B,1.878417969
03-07-2024,B0CR49N6MQ,2.194824219
03-07-2024,B0CR49BQRS,1.871337891
03-07-2024,B0CR4BK4FW,2.273681641
04-07-2024,B09KDW1YKQ,0.841796875
04-07-2024,B09KDVXTP4,1.772949219
04-07-2024,B09KDTS4DC,4.903320313
04-07-2024,B09KDTHJ6V,1.369628906
04-07-2024,B09KDPXYG3,1.238769531
04-07-2024,B09KDQ2BWY,1.892578125
04-07-2024,B09KDNYCYR,5.252929688
04-07-2024,B09KDN7PYR,2.943847656
04-07-2024,B09MR3Y296,105.9892578
04-07-2024,B09KDR64LT,1.100097656
04-07-2024,B09KDXJJ6W,1.943115234
04-07-2024,B09MR36MLJ,4.651611328
04-07-2024,B09KDZQJ6P,11.8605957
04-07-2024,B09KSXP3HN,7.622802734
04-07-2024,B09KSYL73R,11.42236328
04-07-2024,B09KT5HMNY,130.6247559
04-07-2024,B09KTF8ZDQ,25.42333984
04-07-2024,B09KTFXX6L,4.37109375
04-07-2024,B09KTJRHC7,24.77416992
04-07-2024,B09KTMKDKJ,42.17700195
04-07-2024,B09KTMLQ1N,13.36230469
04-07-2024,B09MR2FY5D,9.985595703
04-07-2024,B09MR2MLZH,10.24682617
04-07-2024,B09MR4B13C,100.6223145
04-07-2024,B09KDYY3SB,2.510009766
04-07-2024,B09KDLQ2GW,2.328125
04-07-2024,B0B69C4GST,5.523193359
04-07-2024,B0BDRS6R5Z,28.92211914
04-07-2024,B09MR3RSW8,17.54125977
04-07-2024,B09X1F8C23,3.36328125
04-07-2024,B0B31T1XMH,2.804199219
04-07-2024,B0B31SM3ZR,4.483398438
04-07-2024,B0B31R1ZBV,8.743164063
04-07-2024,B09X1JTK49,2.353759766
04-07-2024,B09X1HV1NL,1.771728516
04-07-2024,B09MR4Z3H9,6.409667969
04-07-2024,B09X1F1L26,5.008056641
04-07-2024,B09MR5WS3Y,0.836669922
04-07-2024,B09MR5Q6HJ,5.2265625
04-07-2024,B09MR56Q9N,4.077636719
04-07-2024,B0B31VFJ6Q,5.083007813
04-07-2024,B0B31V3PKG,1.232177734
04-07-2024,B0B31VTH56,4.805908203
04-07-2024,B0B31Y1FDZ,8.401367188
04-07-2024,B0B699PLXD,31.42895508
04-07-2024,B0B69B8R3C,6.851806641
04-07-2024,B09MR4G722,4.754394531
04-07-2024,B0B69DD2C7,10.39892578
04-07-2024,B0B69DK8JN,13.43969727
04-07-2024,B0B69FBGN1,8.609863281
04-07-2024,B0B69GN5KJ,4.300292969
04-07-2024,B0B69SF1BT,5.834228516
04-07-2024,B0BDRQWBK9,17.40454102
04-07-2024,B09MR4Z3H8,11.38427734
04-07-2024,B09MR3XT5G,28.31738281
04-07-2024,B0BDRTZTGX,18.79760742
04-07-2024,B0BG2PD396,17.53173828
04-07-2024,B0BRCXJRX6,4.424316406
04-07-2024,B0BNL11QD8,0.654785156
04-07-2024,B0BRCXJ1F6,0.808837891
04-07-2024,B0BGDWGRQB,165.5695801
04-07-2024,B0BGDX2Z3L,56.22924805
04-07-2024,B0BGDXM13S,1.459716797
04-07-2024,B0BGDXV7FD,9.798583984
04-07-2024,B0BGDZLDX2,35.49487305
04-07-2024,B0BNKXC5H1,1.339599609
04-07-2024,B0BNKYZD2Z,1.102783203
04-07-2024,B0BNKZ88Z5,0.872070313
04-07-2024,B0BNKZ9BJR,1.326416016
04-07-2024,B0BNKZCWFL,1.024169922
04-07-2024,B0BNKZKGFG,0.701171875
04-07-2024,B0BG2Z8CY4,3.370361328
04-07-2024,B0BNL3J36Z,0.843261719
04-07-2024,B0BNL5BKMK,0.774902344
04-07-2024,B0BRCXDHBX,11.94433594
04-07-2024,B0BRCXCXCV,2.756835938
04-07-2024,B0BRCW79VK,4.597412109
04-07-2024,B0BNL7TJRT,0.758789063
04-07-2024,B0BRCW2B64,2.912353516
04-07-2024,B0BNL4Y2J9,0.923339844
04-07-2024,B0BNL4S6MB,0.983398438
04-07-2024,B0BNL43XHH,0.917480469
04-07-2024,B0BSLWJKSX,2.258056641
04-07-2024,B0BRCXQMS5,6.106201172
04-07-2024,B0BNL3RDG4,1.007324219
04-07-2024,B0CY5QQ49F,0.794677734
04-07-2024,B0BG2QXQ9V,1.116943359
04-07-2024,B0BRCXP7VN,6.252929688
04-07-2024,B0BRCXQRC9,11.29394531
04-07-2024,B0BRCXSTKW,0.948974609
04-07-2024,B0BRCXXBG2,8.022460938
04-07-2024,B0BRCY8QMH,10.9140625
04-07-2024,B0BRCYJ33N,5.154785156
04-07-2024,B0BG2T78CJ,3.192871094
04-07-2024,B0BRCYK4JK,3.580322266
04-07-2024,B0BRCYQNSW,52.17211914
04-07-2024,B0BRCYV77T,6.415771484
04-07-2024,B0BRDCBGFD,6.512207031
04-07-2024,B0BRCYJ4SR,16.06542969
04-07-2024,B0C9JLKFPZ,0.883789063
04-07-2024,B0BRDCJWJC,2.226318359
04-07-2024,B0CY5KFQBD,1.930908203
04-07-2024,B0CR4C98FS,1.666748047
04-07-2024,B0CR4C5WXS,1.291503906
04-07-2024,B0CR4BK4FW,2.002441406
04-07-2024,B0CY5LR4VX,1.165283203
04-07-2024,B0CR4BG4ZW,1.463867188
04-07-2024,B0CR49NR3B,1.607177734
04-07-2024,B0CR49N6MQ,1.923583984
04-07-2024,B0CR49BQRS,1.600097656
04-07-2024,B0CFV6V981,32.28979492
04-07-2024,B0CR4BGLK5,1.552978516
05-07-2024,B09KDW1YKQ,0.570556641
05-07-2024,B09KDVXTP4,1.501708984
05-07-2024,B09KDTS4DC,4.632080078
05-07-2024,B09KDTHJ6V,1.098388672
05-07-2024,B09KDPXYG3,0.967529297
05-07-2024,B09KDQ2BWY,1.621337891
05-07-2024,B0BG2PD396,17.26049805
05-07-2024,B09KDN7PYR,2.672607422
05-07-2024,B09MR3Y296,105.7180176
05-07-2024,B09KDR64LT,0.828857422
05-07-2024,B09KDXJJ6W,1.671875
05-07-2024,B09MR36MLJ,4.380371094
05-07-2024,B09KDZQJ6P,11.58935547
05-07-2024,B09KSXP3HN,7.3515625
05-07-2024,B09KSYL73R,11.15112305
05-07-2024,B09KT5HMNY,130.3535156
05-07-2024,B09KTF8ZDQ,25.15209961
05-07-2024,B09KTFXX6L,4.099853516
05-07-2024,B09KTJRHC7,24.50292969
05-07-2024,B09KTMKDKJ,41.90576172
05-07-2024,B09KTMLQ1N,13.09106445
05-07-2024,B09MR2FY5D,9.714355469
05-07-2024,B09MR2MLZH,9.975585938
05-07-2024,B09MR4B13C,100.3510742
05-07-2024,B09KDYY3SB,2.238769531
05-07-2024,B09KDNYCYR,4.981689453
05-07-2024,B0BDRS6R5Z,28.65087891
05-07-2024,B09MR4G722,4.483154297
05-07-2024,B09MR3RSW8,17.27001953
05-07-2024,B09X1F8C23,3.092041016
05-07-2024,B0B31T1XMH,2.532958984
05-07-2024,B0B31SM3ZR,4.212158203
05-07-2024,B0B31R1ZBV,8.471923828
05-07-2024,B09X1JTK49,2.082519531
05-07-2024,B09X1HV1NL,1.500488281
05-07-2024,B09MR5WS3Y,0.565429688
05-07-2024,B09X1F1L26,4.736816406
05-07-2024,B0B31VFJ6Q,4.811767578
05-07-2024,B09MR5Q6HJ,4.955322266
05-07-2024,B09MR56Q9N,3.806396484
05-07-2024,B09MR4Z3H9,6.138427734
05-07-2024,B0B31V3PKG,0.9609375
05-07-2024,B0B31VTH56,4.534667969
05-07-2024,B0B31Y1FDZ,8.130126953
05-07-2024,B0B699PLXD,31.15771484
05-07-2024,B0B69B8R3C,6.580566406
05-07-2024,B0B69C4GST,5.251953125
05-07-2024,B0B69DD2C7,10.12768555
05-07-2024,B0B69DK8JN,13.16845703
05-07-2024,B0B69FBGN1,8.338623047
05-07-2024,B09KDLQ2GW,2.056884766
05-07-2024,B0B69SF1BT,5.562988281
05-07-2024,B0BDRQWBK9,17.13330078
05-07-2024,B09MR4Z3H8,11.11303711
05-07-2024,B09MR3XT5G,28.04614258
05-07-2024,B0BRCXSTKW,0.677734375
05-07-2024,B0B69GN5KJ,4.029052734
05-07-2024,B0BRCXJRX6,4.153076172
05-07-2024,B0BNL11QD8,0.383544922
05-07-2024,B0BRCXJ1F6,0.537597656
05-07-2024,B0BGDWGRQB,165.2983398
05-07-2024,B0BGDX2Z3L,55.95800781
05-07-2024,B0BGDXM13S,1.188476563
05-07-2024,B0BGDXV7FD,9.52734375
05-07-2024,B0BGDZLDX2,35.22363281
05-07-2024,B0BNKXC5H1,1.068359375
05-07-2024,B0BNKYZD2Z,0.831542969
05-07-2024,B0BNKZ88Z5,0.600830078
05-07-2024,B0BNKZ9BJR,1.055175781
05-07-2024,B0BNKZCWFL,0.752929688
05-07-2024,B0BNKZKGFG,0.429931641
05-07-2024,B0BG2Z8CY4,3.099121094
05-07-2024,B0BNL3J36Z,0.572021484
05-07-2024,B0BNL5BKMK,0.503662109
05-07-2024,B0BRCXDHBX,11.6730957
05-07-2024,B0BRCXCXCV,2.485595703
05-07-2024,B0BRCW79VK,4.326171875
05-07-2024,B0BNL7TJRT,0.487548828
05-07-2024,B0BRCW2B64,2.641113281
05-07-2024,B0BNL4Y2J9,0.652099609
05-07-2024,B0BDRTZTGX,18.52636719
05-07-2024,B0BNL43XHH,0.646240234
05-07-2024,B0BSLWJKSX,1.986816406
05-07-2024,B0BRCXQMS5,5.834960938
05-07-2024,B0BNL4S6MB,0.712158203
05-07-2024,B0CY5QQ49F,0.5234375
05-07-2024,B0BG2T78CJ,2.921630859
05-07-2024,B0BRCXP7VN,5.981689453
05-07-2024,B0BRCXQRC9,11.02270508
05-07-2024,B0BNL3RDG4,0.736083984
05-07-2024,B0BRCXXBG2,7.751220703
05-07-2024,B0BRCY8QMH,10.64282227
05-07-2024,B0BRCYJ33N,4.883544922
05-07-2024,B0BRCYJ4SR,15.79418945
05-07-2024,B0BRCYK4JK,3.309082031
05-07-2024,B0BRCYQNSW,51.90087891
05-07-2024,B0BRCYV77T,6.14453125
05-07-2024,B0BRDCBGFD,6.240966797
05-07-2024,B0BG2QXQ9V,0.845703125
05-07-2024,B0C9JLKFPZ,0.612548828
05-07-2024,B0CY5LR4VX,0.894042969
05-07-2024,B0CY5KFQBD,1.659667969
05-07-2024,B0CR4C98FS,1.395507813
05-07-2024,B0BRDCJWJC,1.955078125
05-07-2024,B0CR4BK4FW,1.731201172
05-07-2024,B0CR4C5WXS,1.020263672
05-07-2024,B0CR4BG4ZW,1.192626953
05-07-2024,B0CR49NR3B,1.3359375
05-07-2024,B0CR49N6MQ,1.65234375
05-07-2024,B0CR49BQRS,1.328857422
05-07-2024,B0CFV6V981,32.01855469
05-07-2024,B0CR4BGLK5,1.281738281
06-07-2024,B09KDVXTP4,1.23046875
06-07-2024,B09KDTS4DC,4.360839844
06-07-2024,B09KDTHJ6V,0.827148438
06-07-2024,B09KDR64LT,0.557617188
06-07-2024,B0B69GN5KJ,3.7578125
06-07-2024,B09KDPXYG3,0.696289063
06-07-2024,B09KDNYCYR,4.710449219
06-07-2024,B09KDN7PYR,2.401367188
06-07-2024,B09KDLQ2GW,1.785644531
06-07-2024,B09KDQ2BWY,1.350097656
06-07-2024,B09KDW1YKQ,0.299316406
06-07-2024,B09KTF8ZDQ,24.88085938
06-07-2024,B09KDYY3SB,1.967529297
06-07-2024,B09KSXP3HN,7.080322266
06-07-2024,B09KSYL73R,10.87988281
06-07-2024,B09KT5HMNY,130.0822754
06-07-2024,B09KTFXX6L,3.828613281
06-07-2024,B09KTJRHC7,24.23168945
06-07-2024,B09KTMKDKJ,41.63452148
06-07-2024,B09KTMLQ1N,12.81982422
06-07-2024,B09MR2FY5D,9.443115234
06-07-2024,B09MR2MLZH,9.704345703
06-07-2024,B09MR36MLJ,4.109130859
06-07-2024,B09KDXJJ6W,1.400634766
06-07-2024,B09MR3RSW8,16.9987793
06-07-2024,B0B31R1ZBV,8.200683594
06-07-2024,B09MR3Y296,105.4467773
06-07-2024,B09X1HV1NL,1.229248047
06-07-2024,B09MR4B13C,100.079834
06-07-2024,B09MR4G722,4.211914063
06-07-2024,B09MR4Z3H8,10.84179688
06-07-2024,B09MR4Z3H9,5.8671875
06-07-2024,B09MR56Q9N,3.53515625
06-07-2024,B09MR5Q6HJ,4.684082031
06-07-2024,B09MR5WS3Y,0.294189453
06-07-2024,B09X1DHRLN,-0.045898438
06-07-2024,B09X1F1L26,4.465576172
06-07-2024,B09X1F8C23,2.820800781
06-07-2024,B0B69DD2C7,9.856445313
06-07-2024,B09X1JTK49,1.811279297
06-07-2024,B0B31SM3ZR,3.940917969
06-07-2024,B0B31T1XMH,2.26171875
06-07-2024,B0B31V3PKG,0.689697266
06-07-2024,B0B31VFJ6Q,4.540527344
06-07-2024,B0B31VTH56,4.263427734
06-07-2024,B0B31Y1FDZ,7.858886719
06-07-2024,B0B699PLXD,30.88647461
06-07-2024,B0B69B8R3C,6.309326172
06-07-2024,B0B69C4GST,4.980712891
06-07-2024,B09MR3XT5G,27.77490234
06-07-2024,B09KDZQJ6P,11.31811523
06-07-2024,B0B69DK8JN,12.8972168
06-07-2024,B0B69SF1BT,5.291748047
06-07-2024,B0BRCXQRC9,10.75146484
06-07-2024,B0BRCXP7VN,5.710449219
06-07-2024,B0BDRQWBK9,16.86206055
06-07-2024,B0BDRTZTGX,18.25512695
06-07-2024,B0BG2PD396,16.98925781
06-07-2024,B0BG2T78CJ,2.650390625
06-07-2024,B0BG2VYWSG,1.448242188
06-07-2024,B0BGDWGRQB,165.0270996
06-07-2024,B0BGDXM13S,0.917236328
06-07-2024,B0BGDXV7FD,9.256103516
06-07-2024,B0BGDZLDX2,34.95239258
06-07-2024,B0BGDX2Z3L,55.68676758
06-07-2024,B0BNKZ9BJR,0.783935547
06-07-2024,B0BNL7TJRT,0.216308594
06-07-2024,B0BRCXDHBX,11.40185547
06-07-2024,B0BRCXCXCV,2.214355469
06-07-2024,B0BRCW79VK,4.054931641
06-07-2024,B0BRCW2B64,2.369873047
06-07-2024,B0BRCXJRX6,3.881835938
06-07-2024,B0BNL5BKMK,0.232421875
06-07-2024,B0BNL4Y2J9,0.380859375
06-07-2024,B0BNL3J36Z,0.30078125
06-07-2024,B0BNKZCWFL,0.481689453
06-07-2024,B0B69FBGN1,8.067382813
06-07-2024,B0BNKZ88Z5,0.329589844
06-07-2024,B0BRCXQMS5,5.563720703
06-07-2024,B0BNKYZD2Z,0.560302734
06-07-2024,B0BRCXSTKW,0.406494141
06-07-2024,B0BSLWJKSX,1.715576172
06-07-2024,B0BRCY8QMH,10.37158203
06-07-2024,B0BRCYJ33N,4.612304688
06-07-2024,B0BRCYJ4SR,15.52294922
06-07-2024,B0BRCYK4JK,3.037841797
06-07-2024,B0BRCYQNSW,51.62963867
06-07-2024,B0BRCYV77T,5.873291016
06-07-2024,B0BRDCBGFD,5.969726563
06-07-2024,B0BRDCJWJC,1.683837891
06-07-2024,B0BSLTV9FL,-0.633789063
06-07-2024,B0C9JLKFPZ,0.341308594
06-07-2024,B0CFV6V981,31.74731445
06-07-2024,B0BRCXXBG2,7.479980469
06-07-2024,B0CR49N6MQ,1.381103516
06-07-2024,B0CR49NR3B,1.064697266
06-07-2024,B0CR4BG4ZW,0.921386719
06-07-2024,B0CR4BGLK5,1.010498047
06-07-2024,B0CR4BK4FW,1.459960938
06-07-2024,B0CR4C5WXS,0.749023438
06-07-2024,B0CR4C98FS,1.124267578
06-07-2024,B0CY5KFQBD,1.388427734
06-07-2024,B0CY5LR4VX,0.622802734
06-07-2024,B0CY5QQ49F,0.252197266
06-07-2024,B0CR49BQRS,1.057617188
07-07-2024,B09MR36MLJ,3.837890625
07-07-2024,B09KDVXTP4,0.959228516
07-07-2024,B09KDTS4DC,4.089599609
07-07-2024,B09KDTHJ6V,0.555908203
07-07-2024,B09KDR64LT,0.286376953
07-07-2024,B0B69GN5KJ,3.486572266
07-07-2024,B09KDPXYG3,0.425048828
07-07-2024,B09KDNYCYR,4.439208984
07-07-2024,B09KDN7PYR,2.129882813
07-07-2024,B09KDW1YKQ,0.028076172
07-07-2024,B09KDQ2BWY,1.078857422
07-07-2024,B09KDXJJ6W,1.129394531
07-07-2024,B09KT5HMNY,129.8110352
07-07-2024,B09KDZQJ6P,11.046875
07-07-2024,B09KSXP3HN,6.809082031
07-07-2024,B09KSYL73R,10.60864258
07-07-2024,B09MR2MLZH,9.433105469
07-07-2024,B09KTF8ZDQ,24.60961914
07-07-2024,B09KTFXX6L,3.557373047
07-07-2024,B09KTJRHC7,23.96044922
07-07-2024,B09KTMKDKJ,41.36328125
07-07-2024,B09KTMLQ1N,12.54858398
07-07-2024,B09MR2FY5D,9.171875
07-07-2024,B09KDYY3SB,1.696289063
07-07-2024,B09MR3RSW8,16.72753906
07-07-2024,B09MR4B13C,99.80859375
07-07-2024,B09MR3Y296,105.1755371
07-07-2024,B09X1JTK49,1.540039063
07-07-2024,B09MR4G722,3.940673828
07-07-2024,B09MR4Z3H8,10.57055664
07-07-2024,B09MR4Z3H9,5.595947266
07-07-2024,B09MR56Q9N,3.263916016
07-07-2024,B09MR5Q6HJ,4.412841797
07-07-2024,B09MR5WS3Y,0.022949219
07-07-2024,B09X1DHRLN,-0.317138672
07-07-2024,B09X1F1L26,4.194335938
07-07-2024,B09X1F8C23,2.549560547
07-07-2024,B09X1HV1NL,0.958007813
07-07-2024,B0B31VTH56,3.9921875
07-07-2024,B0B31R1ZBV,7.929443359
07-07-2024,B0B31SM3ZR,3.669677734
07-07-2024,B0B31T1XMH,1.990478516
07-07-2024,B0B31V3PKG,0.418457031
07-07-2024,B09MR3XT5G,27.50366211
07-07-2024,B0B31Y1FDZ,7.587646484
07-07-2024,B0B699PLXD,30.61523438
07-07-2024,B0B69B8R3C,6.038085938
07-07-2024,B0B69C4GST,4.709472656
07-07-2024,B0B69DD2C7,9.585205078
07-07-2024,B0B69DK8JN,12.62597656
07-07-2024,B09KDLQ2GW,1.514160156
07-07-2024,B0B69FBGN1,7.796142578
07-07-2024,B0BRCYV77T,5.602050781
07-07-2024,B0B69SF1BT,5.020507813
07-07-2024,B0BDRTZTGX,17.98388672
07-07-2024,B0BG2PD396,16.71801758
07-07-2024,B0BG2T78CJ,2.379150391
07-07-2024,B0BG2VYWSG,1.177001953
07-07-2024,B0BGDWGRQB,164.7558594
07-07-2024,B0BGDX2Z3L,55.41552734
07-07-2024,B0BDRQWBK9,16.59082031
07-07-2024,B0BGDXV7FD,8.984863281
07-07-2024,B0BGDZLDX2,34.68115234
07-07-2024,B0BNKYZD2Z,0.2890625
07-07-2024,B0BGDXM13S,0.645996094
07-07-2024,B0BNKZ9BJR,0.512695313
07-07-2024,B0BRCW2B64,2.098632813
07-07-2024,B0BNKZCWFL,0.210449219
07-07-2024,B0BRCXDHBX,11.13061523
07-07-2024,B0BRCXCXCV,1.943115234
07-07-2024,B0BRCW79VK,3.783691406
07-07-2024,B0BRCXJRX6,3.610595703
07-07-2024,B0BNL7TJRT,-0.054931641
07-07-2024,B0BNL5BKMK,-0.038818359
07-07-2024,B0BNL4Y2J9,0.109619141
07-07-2024,B0BNL3J36Z,0.029541016
07-07-2024,B0B31VFJ6Q,4.269287109
07-07-2024,B0BNKZ88Z5,0.058349609
07-07-2024,B0BRCXQMS5,5.292480469
07-07-2024,B0BRCXP7VN,5.439208984
07-07-2024,B0BRCXSTKW,0.135253906
07-07-2024,B0BRCXQRC9,10.48022461
07-07-2024,B0BRCXXBG2,7.208740234
07-07-2024,B0BRCY8QMH,10.1003418
07-07-2024,B0BRCYJ33N,4.341064453
07-07-2024,B0BRCYJ4SR,15.25170898
07-07-2024,B0BRCYK4JK,2.766601563
07-07-2024,B0CY5QQ49F,-0.019042969
07-07-2024,B0BRDCBGFD,5.698486328
07-07-2024,B0BRDCJWJC,1.412597656
07-07-2024,B0BSLTV9FL,-0.905029297
07-07-2024,B0BSLWJKSX,1.444335938
07-07-2024,B0BRCYQNSW,51.35839844
07-07-2024,B0CFV6V981,31.47607422
07-07-2024,B0CR49BQRS,0.786376953
07-07-2024,B0CR49N6MQ,1.109863281
07-07-2024,B0CR49NR3B,0.793457031
07-07-2024,B0CR4BG4ZW,0.650146484
07-07-2024,B0CR4BGLK5,0.739257813
07-07-2024,B0CR4BK4FW,1.188720703
07-07-2024,B0CR4C5WXS,0.477783203
07-07-2024,B0CR4C98FS,0.853027344
07-07-2024,B0CY5KFQBD,1.1171875
07-07-2024,B0C9JLKFPZ,0.070068359
07-07-2024,B0CY5LR4VX,0.3515625
08-07-2024,B09KDTHJ6V,2.18359375
08-07-2024,B09KDR64LT,1.9140625
08-07-2024,B09KDQ2BWY,2.706542969
08-07-2024,B09KDPXYG3,2.052734375
08-07-2024,B09MR36MLJ,5.465576172
08-07-2024,B09KDN7PYR,3.757568359
08-07-2024,B0B69SF1BT,6.648193359
08-07-2024,B09KDLQ2GW,3.141845703
08-07-2024,B09KDNYCYR,6.066894531
08-07-2024,B09KDTS4DC,5.717285156
08-07-2024,B09KTMLQ1N,14.17626953
08-07-2024,B09KDW1YKQ,1.655761719
08-07-2024,B09KDXJJ6W,2.757080078
08-07-2024,B09KDYY3SB,3.323974609
08-07-2024,B09KDZQJ6P,12.67456055
08-07-2024,B09KSYL73R,12.23632813
08-07-2024,B09KT5HMNY,131.4387207
08-07-2024,B09KTF8ZDQ,26.23730469
08-07-2024,B09KTFXX6L,5.185058594
08-07-2024,B09KTJRHC7,25.58813477
08-07-2024,B09MR3RSW8,18.35522461
08-07-2024,B09KDVXTP4,2.586914063
08-07-2024,B09KTMKDKJ,42.9909668
08-07-2024,B09X1HV1NL,2.585693359
08-07-2024,B0B69FBGN1,9.423828125
08-07-2024,B09MR2FY5D,10.79956055
08-07-2024,B09MR56Q9N,4.891601563
08-07-2024,B09X1DHRLN,1.310546875
08-07-2024,B09MR5WS3Y,1.650634766
08-07-2024,B09MR5Q6HJ,6.040527344
08-07-2024,B09MR4G722,5.568359375
08-07-2024,B09MR4Z3H9,7.223632813
08-07-2024,B09MR4Z3H8,12.19824219
08-07-2024,B09X1F8C23,4.177246094
08-07-2024,B09MR4B13C,101.4362793
08-07-2024,B09MR3Y296,106.8032227
08-07-2024,B09X1F1L26,5.822021484
08-07-2024,B09X1JTK49,3.167724609
08-07-2024,B0B31R1ZBV,9.557128906
08-07-2024,B09MR3XT5G,29.13134766
08-07-2024,B0B31V3PKG,2.046142578
08-07-2024,B0B31VFJ6Q,5.896972656
08-07-2024,B0B31Y1FDZ,9.215332031
08-07-2024,B0B699PLXD,32.24291992
08-07-2024,B0B69C4GST,6.337158203
08-07-2024,B0B69DD2C7,11.21289063
08-07-2024,B0B69DK8JN,14.25366211
08-07-2024,B0B31T1XMH,3.618164063
08-07-2024,B09KSXP3HN,8.436767578
08-07-2024,B0BDRQWBK9,18.21850586
08-07-2024,B0BGDZLDX2,36.30883789
08-07-2024,B0BNKZ9BJR,2.140380859
08-07-2024,B0BRCXP7VN,7.066894531
08-07-2024,B0BG2Z8CY4,4.184326172
08-07-2024,B0BGDWGRQB,166.3835449
08-07-2024,B0BGDX2Z3L,57.04321289
08-07-2024,B0BGDXM13S,2.273681641
08-07-2024,B0BGDXV7FD,10.61254883
08-07-2024,B0BNKYZD2Z,1.916748047
08-07-2024,B0BNKZ88Z5,1.686035156
08-07-2024,B0BDRTZTGX,19.61157227
08-07-2024,B0BNL13PNY,2.442871094
08-07-2024,B0BRCW2B64,3.726318359
08-07-2024,B0BRCXDHBX,12.75830078
08-07-2024,B0BRCXCXCV,3.570800781
08-07-2024,B0BRCW79VK,5.411376953
08-07-2024,B0BRCXJRX6,5.23828125
08-07-2024,B0BNL5BKMK,1.588867188
08-07-2024,B0BNL4Y2J9,1.737304688
08-07-2024,B0BNL4CB4X,1.547607422
08-07-2024,B0B69GN5KJ,5.114257813
08-07-2024,B0BNL3J36Z,1.657226563
08-07-2024,B0BRCXQMS5,6.920166016
08-07-2024,B0CFV6V981,33.10375977
08-07-2024,B0BG2PD396,18.34570313
08-07-2024,B0BDRS6R5Z,29.73608398
08-07-2024,B0CR49BQRS,2.4140625
08-07-2024,B0BRCXXBG2,8.836425781
08-07-2024,B0BRCY8QMH,11.72802734
08-07-2024,B0BRCYJ33N,5.96875
08-07-2024,B0BRCYJ4SR,16.87939453
08-07-2024,B0BRCYK4JK,4.394287109
08-07-2024,B0BRCYQNSW,52.98608398
08-07-2024,B0BRCYV77T,7.229736328
08-07-2024,B0BRCXSTKW,1.762939453
08-07-2024,B0BRDCJWJC,3.040283203
08-07-2024,B0C9JLKFPZ,1.697753906
08-07-2024,B0CR49N6MQ,2.737548828
08-07-2024,B0BRDCBGFD,7.326171875
08-07-2024,B0CR49NR3B,2.421142578
08-07-2024,B0CY5QQ49F,1.608642578
08-07-2024,B0BRCXQRC9,12.10791016
08-07-2024,B0CY5KFQBD,2.744873047
08-07-2024,B0CR4C98FS,2.480712891
08-07-2024,B0CY5LR4VX,1.979248047
08-07-2024,B0CR4BK4FW,2.81640625
08-07-2024,B0CR4BGLK5,2.366943359
08-07-2024,B0CR4BG4ZW,2.277832031
08-07-2024,B0CR4C5WXS,2.10546875
09-07-2024,B09KDTS4DC,5.445800781
09-07-2024,B0BDRS6R5Z,29.46459961
09-07-2024,B09KDLQ2GW,2.870605469
09-07-2024,B09KDN7PYR,3.486328125
09-07-2024,B09KDNYCYR,5.795410156
09-07-2024,B09KDQ2BWY,2.435058594
09-07-2024,B09KDR64LT,1.642578125
09-07-2024,B09KDXJJ6W,2.485595703
09-07-2024,B09KDTHJ6V,1.912109375
09-07-2024,B09KDVXTP4,2.315429688
09-07-2024,B09MR2FY5D,10.52807617
09-07-2024,B09KDYY3SB,3.052490234
09-07-2024,B09MR36MLJ,5.194091797
09-07-2024,B09KSXP3HN,8.165283203
09-07-2024,B09KT5HMNY,131.1672363
09-07-2024,B09KTF8ZDQ,25.96582031
09-07-2024,B09KTFXX6L,4.913574219
09-07-2024,B09KTJRHC7,25.31665039
09-07-2024,B09KTMKDKJ,42.71948242
09-07-2024,B09KTMLQ1N,13.90478516
09-07-2024,B09MR3RSW8,18.08374023
09-07-2024,B09KDW1YKQ,1.384277344
09-07-2024,B09KDZQJ6P,12.40307617
09-07-2024,B09X1JTK49,2.896240234
09-07-2024,B09MR3XT5G,28.85986328
09-07-2024,B09MR4G722,5.296875
09-07-2024,B09MR4Z3H8,11.92675781
09-07-2024,B09MR4Z3H9,6.952148438
09-07-2024,B09MR56Q9N,4.620117188
09-07-2024,B09MR5WS3Y,1.379150391
09-07-2024,B09X1DHRLN,1.0390625
09-07-2024,B09X1F1L26,5.550537109
09-07-2024,B09X1F8C23,3.905761719
09-07-2024,B09X1HV1NL,2.314208984
09-07-2024,B09MR4B13C,101.1647949
09-07-2024,B0B31VFJ6Q,5.625488281
09-07-2024,B0B31R1ZBV,9.285644531
09-07-2024,B0B31SM3ZR,5.025878906
09-07-2024,B0B31T1XMH,3.346679688
09-07-2024,B0B31V3PKG,1.774658203
09-07-2024,B0B31Y1FDZ,8.943847656
09-07-2024,B0B699PLXD,31.97143555
09-07-2024,B0B69C4GST,6.065673828
09-07-2024,B0B69DD2C7,10.94140625
09-07-2024,B0B69DK8JN,13.98217773
09-07-2024,B0B69N4B1S,3.098632813
09-07-2024,B09MR3Y296,106.5317383
09-07-2024,B09MR2MLZH,10.78930664
09-07-2024,B09KSYL73R,11.96484375
09-07-2024,B0BNKYZD2Z,1.645263672
09-07-2024,B0BNL13PNY,2.171386719
09-07-2024,B0BRCXP7VN,6.795410156
09-07-2024,B0BG2T78CJ,3.735351563
09-07-2024,B0BGDWGRQB,166.1120605
09-07-2024,B0BGDX2Z3L,56.77172852
09-07-2024,B0BGDXM13S,2.002197266
09-07-2024,B0BGDXV7FD,10.34106445
09-07-2024,B0BGDZLDX2,36.03735352
09-07-2024,B0BNKZ88Z5,1.414550781
09-07-2024,B0BNKZ9BJR,1.868896484
09-07-2024,B0BRCXQMS5,6.648681641
09-07-2024,B0BG2PD396,18.07421875
09-07-2024,B0BNL3RDG4,1.549804688
09-07-2024,B0BRCXJRX6,4.966796875
09-07-2024,B0BNL4Y2J9,1.465820313
09-07-2024,B0BNL5BKMK,1.317382813
09-07-2024,B0BRCW2B64,3.454833984
09-07-2024,B0BRCW79VK,5.139892578
09-07-2024,B0BRCXCXCV,3.299316406
09-07-2024,B0BRCXDHBX,12.48681641
09-07-2024,B0BNL3J36Z,1.385742188
09-07-2024,B0BDRQWBK9,17.94702148
09-07-2024,B0BNL1CG6X,1.505615234
09-07-2024,B0CY5QQ49F,1.337158203
09-07-2024,B0BNKZBJX2,2.108398438
09-07-2024,B0CY5LR4VX,1.707763672
09-07-2024,B0BRCXSTKW,1.491455078
09-07-2024,B0BDRTZTGX,19.34008789
09-07-2024,B0BRCXQRC9,11.83642578
09-07-2024,B0BRCXXBG2,8.564941406
09-07-2024,B0BRCY8QMH,11.45654297
09-07-2024,B0BRCYJ33N,5.697265625
09-07-2024,B0BRCYJ4SR,16.60791016
09-07-2024,B0BRCYQNSW,52.71459961
09-07-2024,B0BRCYV77T,6.958251953
09-07-2024,B0BRDCBGFD,7.0546875
09-07-2024,B0BRDCJWJC,2.768798828
09-07-2024,B0BRCYK4JK,4.122802734
09-07-2024,B0CY5KFQBD,2.473388672
09-07-2024,B0CFV6V981,32.83227539
09-07-2024,B0CR49BQRS,2.142578125
09-07-2024,B0CR49N6MQ,2.466064453
09-07-2024,B0CR49NR3B,2.149658203
09-07-2024,B0CR4BG4ZW,2.006347656
09-07-2024,B0CR4BGLK5,2.095458984
09-07-2024,B0CR4BK4FW,2.544921875
09-07-2024,B0CR4C5WXS,1.833984375
09-07-2024,B0CR4C98FS,2.209228516
09-07-2024,B0C9JLKFPZ,1.426269531
10-07-2024,B09KDTS4DC,5.174560547
10-07-2024,B09KDTHJ6V,1.640869141
10-07-2024,B09KDR64LT,1.371337891
10-07-2024,B09KDQ2BWY,2.163818359
10-07-2024,B09KDPXYG3,1.510009766
10-07-2024,B09MR3Y296,106.260498
10-07-2024,B09KDN7PYR,3.215087891
10-07-2024,B0BDRQWBK9,17.67578125
10-07-2024,B09MR3XT5G,28.58862305
10-07-2024,B09KDVXTP4,2.044189453
10-07-2024,B09KDNYCYR,5.524169922
10-07-2024,B09KDW1YKQ,1.113037109
10-07-2024,B09MR2FY5D,10.25683594
10-07-2024,B09KDYY3SB,2.78125
10-07-2024,B09KDZQJ6P,12.13183594
10-07-2024,B09KSXP3HN,7.894042969
10-07-2024,B09KSYL73R,11.69360352
10-07-2024,B09KT5HMNY,130.8959961
10-07-2024,B09KTF8ZDQ,25.69458008
10-07-2024,B09KTFXX6L,4.642333984
10-07-2024,B09KTJRHC7,25.04541016
10-07-2024,B09KTMKDKJ,42.44824219
10-07-2024,B09KTMLQ1N,13.63354492
10-07-2024,B09KDLQ2GW,2.599365234
10-07-2024,B09KDXJJ6W,2.214355469
10-07-2024,B09MR4G722,5.025634766
10-07-2024,B09X1HV1NL,2.04296875
10-07-2024,B0B69GN5KJ,4.571533203
10-07-2024,B09X1F1L26,5.279296875
10-07-2024,B0B31R1ZBV,9.014404297
10-07-2024,B09X1JTK49,2.625
10-07-2024,B09MR36MLJ,4.922851563
10-07-2024,B09X1FWK8Z,0.950195313
10-07-2024,B09X1F8C23,3.634521484
10-07-2024,B09MR5WS3Y,1.107910156
10-07-2024,B09X1DHRLN,0.767822266
10-07-2024,B09MR56Q9N,4.348876953
10-07-2024,B09MR4Z3H9,6.680908203
10-07-2024,B09MR4Z3H8,11.65551758
10-07-2024,B0B31T1XMH,3.075439453
10-07-2024,B0B31SM3ZR,4.754638672
10-07-2024,B0B69N4B1S,2.827392578
10-07-2024,B0B31V3PKG,1.503417969
10-07-2024,B0B31VFJ6Q,5.354248047
10-07-2024,B0B31VTH56,5.077148438
10-07-2024,B0B31Y1FDZ,8.672607422
10-07-2024,B0B699PLXD,31.70019531
10-07-2024,B0B69B8R3C,7.123046875
10-07-2024,B0B69C4GST,5.794433594
10-07-2024,B0B69DD2C7,10.67016602
10-07-2024,B0B69DK8JN,13.7109375
10-07-2024,B0B69FBGN1,8.881103516
10-07-2024,B0B69G3YRM,2.816894531
10-07-2024,B09MR4B13C,100.8935547
10-07-2024,B09MR3RSW8,17.8125
10-07-2024,B09MR2MLZH,10.51806641
10-07-2024,B0BG2T78CJ,3.464111328
10-07-2024,B0BNKZCWFL,1.295410156
10-07-2024,B0BRCXJRX6,4.695556641
10-07-2024,B0BGDWGRQB,165.8408203
10-07-2024,B0BGDX2Z3L,56.50048828
10-07-2024,B0BGDXM13S,1.730957031
10-07-2024,B0BGDXV7FD,10.06982422
10-07-2024,B0BGDZLDX2,35.76611328
10-07-2024,B0BNKYPVM6,1.003173828
10-07-2024,B0BNKYZD2Z,1.374023438
10-07-2024,B0BNKZ88Z5,1.143310547
10-07-2024,B0BNKZ9BJR,1.59765625
10-07-2024,B0BNKZBJX2,1.837158203
10-07-2024,B0BG2Z8CY4,3.641601563
10-07-2024,B0BNL11QD8,0.926025391
10-07-2024,B0BNL5BKMK,1.046142578
10-07-2024,B0BNL1CG6X,1.234375
10-07-2024,B0BRCXCXCV,3.028076172
10-07-2024,B0BRCW79VK,4.868652344
10-07-2024,B0BRCW2B64,3.18359375
10-07-2024,B0BRCXDHBX,12.21557617
10-07-2024,B0BNL4Y2J9,1.194580078
10-07-2024,B0BNL4S6MB,1.254638672
10-07-2024,B0BNL4CB4X,1.004882813
10-07-2024,B0BNL3RDG4,1.278564453
10-07-2024,B0B69SF1BT,6.10546875
10-07-2024,B0BRCXP7VN,6.524169922
10-07-2024,B0CR4C98FS,1.937988281
10-07-2024,B0BNL3J36Z,1.114501953
10-07-2024,B0CY5QQ49F,1.065917969
10-07-2024,B0BRCXQRC9,11.56518555
10-07-2024,B0BRCXQMS5,6.377441406
10-07-2024,B0BRCXSTKW,1.220214844
10-07-2024,B0BRCXXBG2,8.293701172
10-07-2024,B0BRCY8QMH,11.18530273
10-07-2024,B0BRCYJ33N,5.426025391
10-07-2024,B0BRCYJ4SR,16.33666992
10-07-2024,B0BRCYK4JK,3.8515625
10-07-2024,B0BRCYQNSW,52.44335938
10-07-2024,B0BRCYV77T,6.687011719
10-07-2024,B0BRDCBGFD,6.783447266
10-07-2024,B0BRDCJWJC,2.497558594
10-07-2024,B0BSLWJKSX,2.529296875
10-07-2024,B0BDRTZTGX,19.06884766
10-07-2024,B0CFV6V981,32.56103516
10-07-2024,B0C9JLKFPZ,1.155029297
10-07-2024,B0CY5LR4VX,1.436523438
10-07-2024,B0CY5KFQBD,2.202148438
10-07-2024,B0BG2PD396,17.80297852
10-07-2024,B0CR4BK4FW,2.273681641
10-07-2024,B0CR4C5WXS,1.562744141
10-07-2024,B0CR4BG4ZW,1.735107422
10-07-2024,B0CR49NR3B,1.878417969
10-07-2024,B0CR49N6MQ,2.194824219
10-07-2024,B0CR49BQRS,1.871337891
10-07-2024,B0CQVLFPBQ,1.644042969
10-07-2024,B0CR4BGLK5,1.82421875
11-07-2024,B09KDTHJ6V,1.369628906
11-07-2024,B09KDVXTP4,1.772949219
11-07-2024,B09KDTS4DC,4.903320313
11-07-2024,B09KDR64LT,1.100097656
11-07-2024,B09MR3XT5G,28.31738281
11-07-2024,B09KDNYCYR,5.252929688
11-07-2024,B09KDN7PYR,2.943847656
11-07-2024,B09KDLQ2GW,2.328125
11-07-2024,B0BDRQWBK9,17.40454102
11-07-2024,B09KDPXYG3,1.238769531
11-07-2024,B09KDW1YKQ,0.841796875
11-07-2024,B09KT5HMNY,130.6247559
11-07-2024,B09KDYY3SB,2.510009766
11-07-2024,B09KDZQJ6P,11.8605957
11-07-2024,B09KSXP3HN,7.622802734
11-07-2024,B09KSYL73R,11.42236328
11-07-2024,B09KTF8ZDQ,25.42333984
11-07-2024,B09KTFXX6L,4.37109375
11-07-2024,B09KTJRHC7,24.77416992
11-07-2024,B09KTMKDKJ,42.17700195
11-07-2024,B09KTMLQ1N,13.36230469
11-07-2024,B09MR2FY5D,9.985595703
11-07-2024,B09MR2MLZH,10.24682617
11-07-2024,B09MR3Y296,105.9892578
11-07-2024,B09KDXJJ6W,1.943115234
11-07-2024,B09KDQ2BWY,1.892578125
11-07-2024,B0B31V3PKG,1.232177734
11-07-2024,B09MR36MLJ,4.651611328
11-07-2024,B09X1F1L26,5.008056641
11-07-2024,B0B31R1ZBV,8.743164063
11-07-2024,B09X1JTK49,2.353759766
11-07-2024,B09X1HV1NL,1.771728516
11-07-2024,B09X1FWK8Z,0.678955078
11-07-2024,B09X1F8C23,3.36328125
11-07-2024,B09MR56Q9N,4.077636719
11-07-2024,B09X1DHRLN,0.496582031
11-07-2024,B09MR5WS3Y,0.836669922
11-07-2024,B09MR4Z3H8,11.38427734
11-07-2024,B09MR4Z3H9,6.409667969
11-07-2024,B0B31T1XMH,2.804199219
11-07-2024,B0B31SM3ZR,4.483398438
11-07-2024,B0B69FBGN1,8.609863281
11-07-2024,B0B31VFJ6Q,5.083007813
11-07-2024,B0B31VTH56,4.805908203
11-07-2024,B0B31Y1FDZ,8.401367188
11-07-2024,B0B699PLXD,31.42895508
11-07-2024,B0B69B8R3C,6.851806641
11-07-2024,B0B69C4GST,5.523193359
11-07-2024,B0B69DD2C7,10.39892578
11-07-2024,B0B69DK8JN,13.43969727
11-07-2024,B0B69G3YRM,2.545654297
11-07-2024,B0B69GN5KJ,4.300292969
11-07-2024,B0B69N4B1S,2.556152344
11-07-2024,B09MR4G722,4.754394531
11-07-2024,B09MR3RSW8,17.54125977
11-07-2024,B09MR4B13C,100.6223145
11-07-2024,B0BRCXQMS5,6.106201172
11-07-2024,B0BNKZCWFL,1.024169922
11-07-2024,B0BRCXDHBX,11.94433594
11-07-2024,B0BG2T78CJ,3.192871094
11-07-2024,B0BG2Z8CY4,3.370361328
11-07-2024,B0BGDWGRQB,165.5695801
11-07-2024,B0BGDX2Z3L,56.22924805
11-07-2024,B0BGDXM13S,1.459716797
11-07-2024,B0BGDXV7FD,9.798583984
11-07-2024,B0BGDZLDX2,35.49487305
11-07-2024,B0BNKYZD2Z,1.102783203
11-07-2024,B0BNKZ88Z5,0.872070313
11-07-2024,B0BNKZ9BJR,1.326416016
11-07-2024,B0BNKZBJX2,1.565917969
11-07-2024,B0BNKYPVM6,0.731933594
11-07-2024,B0BNL11QD8,0.654785156
11-07-2024,B0BNL4S6MB,0.983398438
11-07-2024,B0BRCW79VK,4.597412109
11-07-2024,B0BRCW2B64,2.912353516
11-07-2024,B0BNL5BKMK,0.774902344
11-07-2024,B0BNL4Y2J9,0.923339844
11-07-2024,B0BNL4CB4X,0.733642578
11-07-2024,B0BNL3J36Z,0.843261719
11-07-2024,B0BNL1CG6X,0.963134766
11-07-2024,B0BNL3RDG4,1.007324219
11-07-2024,B0B69SF1BT,5.834228516
11-07-2024,B0BRCXJRX6,4.424316406
11-07-2024,B0BSLWJKSX,2.258056641
11-07-2024,B0BRCXCXCV,2.756835938
11-07-2024,B0CY5QQ49F,0.794677734
11-07-2024,B0BG2PD396,17.53173828
11-07-2024,B0BDRTZTGX,18.79760742
11-07-2024,B0BRCXP7VN,6.252929688
11-07-2024,B0BRCXQRC9,11.29394531
11-07-2024,B0BRCXXBG2,8.022460938
11-07-2024,B0BRCY8QMH,10.9140625
11-07-2024,B0BRCYJ33N,5.154785156
11-07-2024,B0BRCYJ4SR,16.06542969
11-07-2024,B0BRCYK4JK,3.580322266
11-07-2024,B0BRCYQNSW,52.17211914
11-07-2024,B0BRCYV77T,6.415771484
11-07-2024,B0BRDCBGFD,6.512207031
11-07-2024,B0BRDCJWJC,2.226318359
11-07-2024,B0BRCXSTKW,0.948974609
11-07-2024,B0CFV6V981,32.28979492
11-07-2024,B0C9JLKFPZ,0.883789063
11-07-2024,B0CY5KFQBD,1.930908203
11-07-2024,B0CY5LR4VX,1.165283203
11-07-2024,B0CR4C5WXS,1.291503906
11-07-2024,B0CR4BK4FW,2.002441406
11-07-2024,B0CR4C98FS,1.666748047
11-07-2024,B0CR4BG4ZW,1.463867188
11-07-2024,B0CR49NR3B,1.607177734
11-07-2024,B0CR49N6MQ,1.923583984
11-07-2024,B0CR49BQRS,1.600097656
11-07-2024,B0CQVLFPBQ,1.372802734
11-07-2024,B0CR4BGLK5,1.552978516
12-07-2024,B09KDXJJ6W,1.671875
12-07-2024,B09KDLQ2GW,2.056884766
12-07-2024,B0BG2PD396,17.26049805
12-07-2024,B09KDNYCYR,4.981689453
12-07-2024,B09KDPXYG3,0.967529297
12-07-2024,B09KDQ2BWY,1.621337891
12-07-2024,B09KDR64LT,0.828857422
12-07-2024,B09KDTHJ6V,1.098388672
12-07-2024,B09KDVXTP4,1.501708984
12-07-2024,B09KDW1YKQ,0.570556641
12-07-2024,B09KSYL73R,11.15112305
12-07-2024,B09MR36MLJ,4.380371094
12-07-2024,B09KDZQJ6P,11.58935547
12-07-2024,B09KSXP3HN,7.3515625
12-07-2024,B09KTF8ZDQ,25.15209961
12-07-2024,B09KTFXX6L,4.099853516
12-07-2024,B09KTJRHC7,24.50292969
12-07-2024,B09KTMKDKJ,41.90576172
12-07-2024,B09MR3RSW8,17.27001953
12-07-2024,B09KTMLQ1N,13.09106445
12-07-2024,B09KDYY3SB,2.238769531
12-07-2024,B09KDN7PYR,2.672607422
12-07-2024,B09X1F8C23,3.092041016
12-07-2024,B09MR3XT5G,28.04614258
12-07-2024,B09MR2FY5D,9.714355469
12-07-2024,B09X1HV1NL,1.500488281
12-07-2024,B09MR4Z3H8,11.11303711
12-07-2024,B09MR4B13C,100.3510742
12-07-2024,B09MR4Z3H9,6.138427734
12-07-2024,B09MR56Q9N,3.806396484
12-07-2024,B09MR5WS3Y,0.565429688
12-07-2024,B09X1DHRLN,0.225341797
12-07-2024,B09X1F1L26,4.736816406
12-07-2024,B09MR3Y296,105.7180176
12-07-2024,B09X1FWK8Z,0.407714844
12-07-2024,B09X1JTK49,2.082519531
12-07-2024,B0B31R1ZBV,8.471923828
12-07-2024,B0B31T1XMH,2.532958984
12-07-2024,B0B31V3PKG,0.9609375
12-07-2024,B0B31VFJ6Q,4.811767578
12-07-2024,B0B31VTH56,4.534667969
12-07-2024,B0B699PLXD,31.15771484
12-07-2024,B0B69B8R3C,6.580566406
12-07-2024,B0B69FBGN1,8.338623047
12-07-2024,B0B69DK8JN,13.16845703
12-07-2024,B0BDRTZTGX,18.52636719
12-07-2024,B0BRCYV77T,6.14453125
12-07-2024,B0BG2T78CJ,2.921630859
12-07-2024,B0BGDX2Z3L,55.95800781
12-07-2024,B0BRCXQRC9,11.02270508
12-07-2024,B0BGDXM13S,1.188476563
12-07-2024,B0BGDXV7FD,9.52734375
12-07-2024,B0BGDZLDX2,35.22363281
12-07-2024,B0BNKY8RQN,0.650634766
12-07-2024,B0BNKYZD2Z,0.831542969
12-07-2024,B0BNKZ88Z5,0.600830078
12-07-2024,B0BNKZCWFL,0.752929688
12-07-2024,B0BNL3J36Z,0.572021484
12-07-2024,B0BNKYPVM6,0.460693359
12-07-2024,B0BNL5BKMK,0.503662109
12-07-2024,B0BNL5HYLR,0.700439453
12-07-2024,B0BNL5JR7V,0.701416016
12-07-2024,B0BRCW2B64,2.641113281
12-07-2024,B0BRCW79VK,4.326171875
12-07-2024,B0BRCXCXCV,2.485595703
12-07-2024,B0BRCXDHBX,11.6730957
12-07-2024,B0B31Y1FDZ,8.130126953
12-07-2024,B0BRCXQMS5,5.834960938
12-07-2024,B0BNL46Y7W,0.48828125
12-07-2024,B0BRCXSTKW,0.677734375
12-07-2024,B0BRCXJRX6,4.153076172
12-07-2024,B0BRCY8QMH,10.64282227
12-07-2024,B0CR49NR3B,1.3359375
12-07-2024,B0CR49BQRS,1.328857422
12-07-2024,B0BRCYK4JK,3.309082031
12-07-2024,B0BRCYQNSW,51.90087891
12-07-2024,B0BRDCBGFD,6.240966797
12-07-2024,B0BRDCJWJC,1.955078125
12-07-2024,B0BSLVXHYJ,1.401611328
12-07-2024,B0C9JLKFPZ,0.612548828
12-07-2024,B0CFV6V981,32.01855469
12-07-2024,B0CR49N6MQ,1.65234375
12-07-2024,B0BRCYJ33N,4.883544922
12-07-2024,B0CR4BG4ZW,1.192626953
12-07-2024,B0CR4BGLK5,1.281738281
12-07-2024,B0CR4BK4FW,1.731201172
12-07-2024,B0CR4C5WXS,1.020263672
12-07-2024,B0CR4C98FS,1.395507813
12-07-2024,B0CY5KFQBD,1.659667969
12-07-2024,B0CY5LR4VX,0.894042969
12-07-2024,B0BGDWGRQB,165.2983398
12-07-2024,B0CY5QQ49F,0.5234375
12-07-2024,B0BRCXXBG2,7.751220703
13-07-2024,B09KDVXTP4,1.23046875
13-07-2024,B09KDTHJ6V,0.827148438
13-07-2024,B0BDRTZTGX,18.25512695
13-07-2024,B09KDQ2BWY,1.350097656
13-07-2024,B09KDN7PYR,2.401367188
13-07-2024,B09KDYY3SB,1.967529297
13-07-2024,B09KDR64LT,0.557617188
13-07-2024,B09KDW1YKQ,0.299316406
13-07-2024,B09KTF8ZDQ,24.88085938
13-07-2024,B09KDZQJ6P,11.31811523
13-07-2024,B09MR3XT5G,27.77490234
13-07-2024,B09KSXP3HN,7.080322266
13-07-2024,B09KTFXX6L,3.828613281
13-07-2024,B09KTJRHC7,24.23168945
13-07-2024,B09KTMKDKJ,41.63452148
13-07-2024,B09KTMLQ1N,12.81982422
13-07-2024,B09MR3Y296,105.4467773
13-07-2024,B09MR2FY5D,9.443115234
13-07-2024,B09KDXJJ6W,1.400634766
13-07-2024,B09KSYL73R,10.87988281
13-07-2024,B0B31T1XMH,2.26171875
13-07-2024,B0B69FBGN1,8.067382813
13-07-2024,B09MR3RSW8,16.9987793
13-07-2024,B09MR4Z3H9,5.8671875
13-07-2024,B0B31R1ZBV,8.200683594
13-07-2024,B09MR5WS3Y,0.294189453
13-07-2024,B09X1F1L26,4.465576172
13-07-2024,B09X1F8C23,2.820800781
13-07-2024,B09X1FWK8Z,0.136474609
13-07-2024,B09X1HV1NL,1.229248047
13-07-2024,B09X1JTK49,1.811279297
13-07-2024,B09MR56Q9N,3.53515625
13-07-2024,B0B31Y1FDZ,7.858886719
13-07-2024,B0B31V3PKG,0.689697266
13-07-2024,B0B31VFJ6Q,4.540527344
13-07-2024,B0B699PLXD,30.88647461
13-07-2024,B0B69B8R3C,6.309326172
13-07-2024,B0B69C4GST,4.980712891
13-07-2024,B09KDLQ2GW,1.785644531
13-07-2024,B0B69DK8JN,12.8972168
13-07-2024,B09MR4B13C,100.079834
13-07-2024,B09MR4Z3H8,10.84179688
13-07-2024,B0B69SF1BT,5.291748047
13-07-2024,B0BRCYQNSW,51.62963867
13-07-2024,B0BG2PD396,16.98925781
13-07-2024,B0BNL5CJ8G,-0.119140625
13-07-2024,B0BGDWGRQB,165.0270996
13-07-2024,B0BRCXQMS5,5.563720703
13-07-2024,B0BGDX2Z3L,55.68676758
13-07-2024,B0BGDXV7FD,9.256103516
13-07-2024,B0BNKY8RQN,0.379394531
13-07-2024,B0BNKYPVM6,0.189453125
13-07-2024,B0BNL3J36Z,0.30078125
13-07-2024,B0BRCXQRC9,10.75146484
13-07-2024,B0BNL5BKMK,0.232421875
13-07-2024,B0BNL5HYLR,0.429199219
13-07-2024,B0BRCW79VK,4.054931641
13-07-2024,B0BRCXP7VN,5.710449219
13-07-2024,B0BRCXDHBX,11.40185547
13-07-2024,B0BRCXCXCV,2.214355469
13-07-2024,B0BRCXJRX6,3.881835938
13-07-2024,B0BRCW2B64,2.369873047
13-07-2024,B0B69DD2C7,9.856445313
13-07-2024,B0BNKYZD2Z,0.560302734
13-07-2024,B0CR49BQRS,1.057617188
13-07-2024,B0BNKZ88Z5,0.329589844
13-07-2024,B0BG2T78CJ,2.650390625
13-07-2024,B0BRCXXBG2,7.479980469
13-07-2024,B0BRCYJ33N,4.612304688
13-07-2024,B0BRCYK4JK,3.037841797
13-07-2024,B0BNL5JR7V,0.430175781
13-07-2024,B0BRCYV77T,5.873291016
13-07-2024,B0BRDCBGFD,5.969726563
13-07-2024,B0BRDCJWJC,1.683837891
13-07-2024,B0C9JLKFPZ,0.341308594
13-07-2024,B0CFV6V981,31.74731445
13-07-2024,B0CR49N6MQ,1.381103516
13-07-2024,B0BSLVXHYJ,1.130371094
13-07-2024,B0CY5LR4VX,0.622802734
13-07-2024,B0CR4BG4ZW,0.921386719
13-07-2024,B0CR4BGLK5,1.010498047
13-07-2024,B0CR4BK4FW,1.459960938
13-07-2024,B0CR4C5WXS,0.749023438
13-07-2024,B0CR4C98FS,1.124267578
13-07-2024,B0CY5KFQBD,1.388427734
13-07-2024,B0CR49NR3B,1.064697266
13-07-2024,B0CY5QQ49F,0.252197266
14-07-2024,B09KDR64LT,0.286376953
14-07-2024,B09KDQ2BWY,1.078857422
14-07-2024,B09KDPXYG3,0.425048828
14-07-2024,B09KDYY3SB,1.696289063
14-07-2024,B09KDLQ2GW,1.514160156
14-07-2024,B0BDRTZTGX,17.98388672
14-07-2024,B09KDTHJ6V,0.555908203
14-07-2024,B09KDN7PYR,2.129882813
14-07-2024,B09KDW1YKQ,0.028076172
14-07-2024,B09MR2MLZH,9.433105469
14-07-2024,B09KDZQJ6P,11.046875
14-07-2024,B09MR3RSW8,16.72753906
14-07-2024,B09KSYL73R,10.60864258
14-07-2024,B09KTF8ZDQ,24.60961914
14-07-2024,B09KTFXX6L,3.557373047
14-07-2024,B09KTJRHC7,23.96044922
14-07-2024,B09KTMKDKJ,41.36328125
14-07-2024,B09KTMLQ1N,12.54858398
14-07-2024,B09MR3XT5G,27.50366211
14-07-2024,B09KDXJJ6W,1.129394531
14-07-2024,B09KSXP3HN,6.809082031
14-07-2024,B09MR4Z3H9,5.595947266
14-07-2024,B09MR3Y296,105.1755371
14-07-2024,B0B31R1ZBV,7.929443359
14-07-2024,B09MR36MLJ,3.837890625
14-07-2024,B09MR56Q9N,3.263916016
14-07-2024,B09MR5WS3Y,0.022949219
14-07-2024,B09X1DHRLN,-0.317138672
14-07-2024,B09X1F1L26,4.194335938
14-07-2024,B09X1F8C23,2.549560547
14-07-2024,B09X1HV1NL,0.958007813
14-07-2024,B09X1JTK49,1.540039063
14-07-2024,B09MR4B13C,99.80859375
14-07-2024,B09MR4Z3H8,10.57055664
14-07-2024,B0B31SM3ZR,3.669677734
14-07-2024,B0B31T1XMH,1.990478516
14-07-2024,B0B31V3PKG,0.418457031
14-07-2024,B0B31VFJ6Q,4.269287109
14-07-2024,B0B31VTH56,3.9921875
14-07-2024,B0B31Y1FDZ,7.587646484
14-07-2024,B0B699PLXD,30.61523438
14-07-2024,B0B69B8R3C,6.038085938
14-07-2024,B0B69DD2C7,9.585205078
14-07-2024,B0B69DK8JN,12.62597656
14-07-2024,B0BDRQWBK9,16.59082031
14-07-2024,B09MR2FY5D,9.171875
14-07-2024,B0BG2PD396,16.71801758
14-07-2024,B0BNL5BKMK,-0.038818359
14-07-2024,B0BRCXQRC9,10.48022461
14-07-2024,B0BGDXM13S,0.645996094
14-07-2024,B0BGDXV7FD,8.984863281
14-07-2024,B0BGDZLDX2,34.68115234
14-07-2024,B0BNKYPVM6,-0.081787109
14-07-2024,B0BNKYZD2Z,0.2890625
14-07-2024,B0BNKZ88Z5,0.058349609
14-07-2024,B0BNKZCWFL,0.210449219
14-07-2024,B0BRCXSTKW,0.135253906
14-07-2024,B0BGDWGRQB,164.7558594
14-07-2024,B0BRCXDHBX,11.13061523
14-07-2024,B0BNL5HYLR,0.157958984
14-07-2024,B0BRCXP7VN,5.439208984
14-07-2024,B0BRCXJRX6,3.610595703
14-07-2024,B0BRCXQMS5,5.292480469
14-07-2024,B0BRCXCXCV,1.943115234
14-07-2024,B0BRCW79VK,3.783691406
14-07-2024,B0BRCW2B64,2.098632813
14-07-2024,B0BGDX2Z3L,55.41552734
14-07-2024,B0BNL5CJ8G,-0.390380859
14-07-2024,B0CY5LR4VX,0.3515625
14-07-2024,B0BNL3J36Z,0.029541016
14-07-2024,B0CY5QQ49F,-0.019042969
14-07-2024,B0BRCY8QMH,10.1003418
14-07-2024,B0BRCYJ33N,4.341064453
14-07-2024,B0BRCYJ4SR,15.25170898
14-07-2024,B0BRCYK4JK,2.766601563
14-07-2024,B0BRCYQNSW,51.35839844
14-07-2024,B0BRCYV77T,5.602050781
14-07-2024,B0BRDCBGFD,5.698486328
14-07-2024,B0BRDCJWJC,1.412597656
14-07-2024,B0C9JLKFPZ,0.070068359
14-07-2024,B0CFV6V981,31.47607422
14-07-2024,B0CR49BQRS,0.786376953
14-07-2024,B0BG2VYWSG,1.177001953
14-07-2024,B0BRCXXBG2,7.208740234
14-07-2024,B0CR49NR3B,0.793457031
14-07-2024,B0CR4BG4ZW,0.650146484
14-07-2024,B0CR4BGLK5,0.739257813
14-07-2024,B0CR4BK4FW,1.188720703
14-07-2024,B0CR4C5WXS,0.477783203
14-07-2024,B0CR4C98FS,0.853027344
14-07-2024,B0CY5KFQBD,1.1171875
14-07-2024,B0CR49N6MQ,1.109863281
15-07-2024,B09KDTHJ6V,2.18359375
15-07-2024,B09KDR64LT,1.9140625
15-07-2024,B09KDLQ2GW,3.141845703
15-07-2024,B09KDQ2BWY,2.706542969
15-07-2024,B09MR3RSW8,18.35522461
15-07-2024,B09KDN7PYR,3.757568359
15-07-2024,B0BDRS6R5Z,29.73608398
15-07-2024,B09KDTS4DC,5.717285156
15-07-2024,B09KDYY3SB,3.323974609
15-07-2024,B09KDPXYG3,2.052734375
15-07-2024,B09KDVXTP4,2.586914063
15-07-2024,B09KSYL73R,12.23632813
15-07-2024,B09KDZQJ6P,12.67456055
15-07-2024,B09MR36MLJ,5.465576172
15-07-2024,B09KSXP3HN,8.436767578
15-07-2024,B09KT5HMNY,131.4387207
15-07-2024,B09KTF8ZDQ,26.23730469
15-07-2024,B09KTFXX6L,5.185058594
15-07-2024,B09KTJRHC7,25.58813477
15-07-2024,B09KTMKDKJ,42.9909668
15-07-2024,B09KTMLQ1N,14.17626953
15-07-2024,B09KDW1YKQ,1.655761719
15-07-2024,B09KDXJJ6W,2.757080078
15-07-2024,B09X1JTK49,3.167724609
15-07-2024,B09MR3XT5G,29.13134766
15-07-2024,B09MR2FY5D,10.79956055
15-07-2024,B09MR4G722,5.568359375
15-07-2024,B09MR4Z3H8,12.19824219
15-07-2024,B09MR56Q9N,4.891601563
15-07-2024,B09MR5WS3Y,1.650634766
15-07-2024,B09X1DHRLN,1.310546875
15-07-2024,B09X1F1L26,5.822021484
15-07-2024,B09X1F8C23,4.177246094
15-07-2024,B09X1HV1NL,2.585693359
15-07-2024,B09MR4Z3H9,7.223632813
15-07-2024,B0B31Y1FDZ,9.215332031
15-07-2024,B0B31R1ZBV,9.557128906
15-07-2024,B0B31T1XMH,3.618164063
15-07-2024,B0B31V3PKG,2.046142578
15-07-2024,B0B31VFJ6Q,5.896972656
15-07-2024,B0B31VTH56,5.619873047
15-07-2024,B0B69B8R3C,7.665771484
15-07-2024,B0B69C4GST,6.337158203
15-07-2024,B0B69DD2C7,11.21289063
15-07-2024,B0B69DK8JN,14.25366211
15-07-2024,B0B69FBGN1,9.423828125
15-07-2024,B09MR3Y296,106.8032227
15-07-2024,B09MR2MLZH,11.06079102
15-07-2024,B09MR4B13C,101.4362793
15-07-2024,B0CR4C98FS,2.480712891
15-07-2024,B0BNL1MQ48,1.626220703
15-07-2024,B0BG2VYWSG,2.8046875
15-07-2024,B0BGDWGRQB,166.3835449
15-07-2024,B0BGDX2Z3L,57.04321289
15-07-2024,B0BGDXM13S,2.273681641
15-07-2024,B0BGDXV7FD,10.61254883
15-07-2024,B0BGDZLDX2,36.30883789
15-07-2024,B0BNKYZD2Z,1.916748047
15-07-2024,B0BNKZ88Z5,1.686035156
15-07-2024,B0BNKZCWFL,1.838134766
15-07-2024,B0BRCXQMS5,6.920166016
15-07-2024,B0BNKYPVM6,1.545898438
15-07-2024,B0BRCXJRX6,5.23828125
15-07-2024,B0BNL3ZV7H,1.549072266
15-07-2024,B0BRCXDHBX,12.75830078
15-07-2024,B0BRCXCXCV,3.570800781
15-07-2024,B0BRCXP7VN,7.066894531
15-07-2024,B0BNL5BKMK,1.588867188
15-07-2024,B0BRCW2B64,3.726318359
15-07-2024,B0BNL5HYLR,1.785644531
15-07-2024,B0BNL5CJ8G,1.237304688
15-07-2024,B0B69SF1BT,6.648193359
15-07-2024,B0BNL3J36Z,1.657226563
15-07-2024,B0CY5QQ49F,1.608642578
15-07-2024,B0BRCW79VK,5.411376953
15-07-2024,B0BG2PD396,18.34570313
15-07-2024,B0BRCXSTKW,1.762939453
15-07-2024,B0BDRTZTGX,19.61157227
15-07-2024,B0BRCXQRC9,12.10791016
15-07-2024,B0BRCXXBG2,8.836425781
15-07-2024,B0BRCY8QMH,11.72802734
15-07-2024,B0BRCYJ33N,5.96875
15-07-2024,B0BRCYK4JK,4.394287109
15-07-2024,B0BRCYQNSW,52.98608398
15-07-2024,B0BRCYV77T,7.229736328
15-07-2024,B0BRDCBGFD,7.326171875
15-07-2024,B0BRDCJWJC,3.040283203
15-07-2024,B0BRCYJ4SR,16.87939453
15-07-2024,B0CR4BK4FW,2.81640625
15-07-2024,B0CFV6V981,33.10375977
15-07-2024,B0CR49BQRS,2.4140625
15-07-2024,B0CR49N6MQ,2.737548828
15-07-2024,B0CR49NR3B,2.421142578
15-07-2024,B0CR4BG4ZW,2.277832031
15-07-2024,B0CR4BGLK5,2.366943359
15-07-2024,B0CY5LR4VX,1.979248047
15-07-2024,B0CR4C5WXS,2.10546875
15-07-2024,B0CY5KFQBD,2.744873047
15-07-2024,B0C9JLKFPZ,1.697753906
16-07-2024,B09KDTS4DC,5.445800781
16-07-2024,B09KSXP3HN,8.165283203
16-07-2024,B09KDTHJ6V,1.912109375
16-07-2024,B09KDW1YKQ,1.384277344
16-07-2024,B09KDVXTP4,2.315429688
16-07-2024,B09KDR64LT,1.642578125
16-07-2024,B09KDLQ2GW,2.870605469
16-07-2024,B09KDPXYG3,1.78125
16-07-2024,B09KDNYCYR,5.795410156
16-07-2024,B0BGDXV7FD,10.34106445
16-07-2024,B09KDXJJ6W,2.485595703
16-07-2024,B09KDQ2BWY,2.435058594
16-07-2024,B09KDYY3SB,3.052490234
16-07-2024,B09MR36MLJ,5.194091797
16-07-2024,B09KSYL73R,11.96484375
16-07-2024,B09MR4D874,1.257324219
16-07-2024,B09KT5HMNY,131.1672363
16-07-2024,B09KTF8ZDQ,25.96582031
16-07-2024,B09KTFXX6L,4.913574219
16-07-2024,B09KTJRHC7,25.31665039
16-07-2024,B09KTMKDKJ,42.71948242
16-07-2024,B09KTMLQ1N,13.90478516
16-07-2024,B09MR2FY5D,10.52807617
16-07-2024,B09MR2MLZH,10.78930664
16-07-2024,B09MR3XT5G,28.85986328
16-07-2024,B09MR3Y296,106.5317383
16-07-2024,B09MR4G722,5.296875
16-07-2024,B09KDZQJ6P,12.40307617
16-07-2024,B09KDN7PYR,3.486328125
16-07-2024,B0B31SM3ZR,5.025878906
16-07-2024,B09MR4Z3H8,11.92675781
16-07-2024,B09X1JTK49,2.896240234
16-07-2024,B0B31VFJ6Q,5.625488281
16-07-2024,B0B31T1XMH,3.346679688
16-07-2024,B0B31SVP2Q,2.149902344
16-07-2024,B09MR4B13C,101.1647949
16-07-2024,B0B31R1ZBV,9.285644531
16-07-2024,B09X1FWK8Z,1.221435547
16-07-2024,B09X1HV1NL,2.314208984
16-07-2024,B09X1F8C23,3.905761719
16-07-2024,B09X1F1L26,5.550537109
16-07-2024,B09MR56Q9N,4.620117188
16-07-2024,B09MR5WS3Y,1.379150391
16-07-2024,B0B31Y1FDZ,8.943847656
16-07-2024,B0B31VTH56,5.348388672
16-07-2024,B0BG2T78CJ,3.735351563
16-07-2024,B0B699PLXD,31.97143555
16-07-2024,B0B69C4GST,6.065673828
16-07-2024,B0B69DK8JN,13.98217773
16-07-2024,B0B69FBGN1,9.15234375
16-07-2024,B0B69GN5KJ,4.842773438
16-07-2024,B0B69N4B1S,3.098632813
16-07-2024,B0B69SF1BT,6.376708984
16-07-2024,B0BDRQWBK9,17.94702148
16-07-2024,B0BDRS6R5Z,29.46459961
16-07-2024,B0BDRTZTGX,19.34008789
16-07-2024,B0BG2PD396,18.07421875
16-07-2024,B0BGDWGRQB,166.1120605
16-07-2024,B09MR4Z3H9,6.952148438
16-07-2024,B0BGDX2Z3L,56.77172852
16-07-2024,B09MR3RSW8,18.08374023
16-07-2024,B0BGDZLDX2,36.03735352
16-07-2024,B0BNL3J36Z,1.385742188
16-07-2024,B0BRCXDHBX,12.48681641
16-07-2024,B0BNKYZD2Z,1.645263672
16-07-2024,B0BNKZ5BR1,1.344726563
16-07-2024,B0BNKZBJX2,2.108398438
16-07-2024,B0BNKZCWFL,1.566650391
16-07-2024,B0BNKZF51P,1.767822266
16-07-2024,B0BNL117VT,1.512207031
16-07-2024,B0BNL11QD8,1.197265625
16-07-2024,B0BNL13PNY,2.171386719
16-07-2024,B0BNL1MQ48,1.354736328
16-07-2024,B0BNL1RDVC,1.156982422
16-07-2024,B0BNL1WL6R,1.814941406
16-07-2024,B0BRCXJRX6,4.966796875
16-07-2024,B0BNL2VK7L,1.479248047
16-07-2024,B0BNL3RDG4,1.549804688
16-07-2024,B0BNL5LCM5,1.153320313
16-07-2024,B0BNL3ZV7H,1.277587891
16-07-2024,B0BRCW2B64,3.454833984
16-07-2024,B0BNL7TJRT,1.301269531
16-07-2024,B0BNL6H152,1.342285156
16-07-2024,B0BRCW79VK,5.139892578
16-07-2024,B0BNL5HYLR,1.514160156
16-07-2024,B0BNL4Y2J9,1.465820313
16-07-2024,B0BNL4S7GH,1.721435547
16-07-2024,B0BNL5CJ8G,0.965820313
16-07-2024,B0BNKZ88Z5,1.414550781
16-07-2024,B0BNL5BKMK,1.317382813
16-07-2024,B0BNKZ9BJR,1.868896484
16-07-2024,B0CR4C5WXS,1.833984375
16-07-2024,B0BRCXCXCV,3.299316406
16-07-2024,B0CY5QQ49F,1.337158203
16-07-2024,B0BRCXQMS5,6.648681641
16-07-2024,B0BRCXP7VN,6.795410156
16-07-2024,B0BRCXSTKW,1.491455078
16-07-2024,B0BRCXXBG2,8.564941406
16-07-2024,B0BRCY8QMH,11.45654297
16-07-2024,B0BRCYJ33N,5.697265625
16-07-2024,B0BRCYJ4SR,16.60791016
16-07-2024,B0BRCYK4JK,4.122802734
16-07-2024,B0BRCYQNSW,52.71459961
16-07-2024,B0BRCYV77T,6.958251953
16-07-2024,B0BRDCBGFD,7.0546875
16-07-2024,B0BRDCJWJC,2.768798828
16-07-2024,B0BSLTZV4Z,2.684570313
16-07-2024,B0BRCXQRC9,11.83642578
16-07-2024,B0BSLWJKSX,2.800537109
16-07-2024,B0BSLVXHYJ,2.215332031
16-07-2024,B0CY5KFQBD,2.473388672
16-07-2024,B0CY5LR4VX,1.707763672
16-07-2024,B0CR4C98FS,2.209228516
16-07-2024,B0BNKYW36G,1.363769531
16-07-2024,B0CR4BGLK5,2.095458984
16-07-2024,B0CR4BK4FW,2.544921875
16-07-2024,B0CR49NR3B,2.149658203
16-07-2024,B0CR49N6MQ,2.466064453
16-07-2024,B0CR49BQRS,2.142578125
16-07-2024,B0CFV6V981,32.83227539
16-07-2024,B0C9JLKFPZ,1.426269531
16-07-2024,B0CR4BG4ZW,2.006347656
17-07-2024,B09KDTHJ6V,1.640869141
17-07-2024,B09KDVXTP4,2.044189453
17-07-2024,B09KDTS4DC,5.174560547
17-07-2024,B09KDR64LT,1.371337891
17-07-2024,B09KDLQ2GW,2.599365234
17-07-2024,B09KDPXYG3,1.510009766
17-07-2024,B09KDNYCYR,5.524169922
17-07-2024,B09KDN7PYR,3.215087891
17-07-2024,B09KDW1YKQ,1.113037109
17-07-2024,B09MR4B13C,100.8935547
17-07-2024,B09KDQ2BWY,2.163818359
17-07-2024,B09KDXJJ6W,2.214355469
17-07-2024,B09KTF8ZDQ,25.69458008
17-07-2024,B09KDZQJ6P,12.13183594
17-07-2024,B09KSXP3HN,7.894042969
17-07-2024,B09KSYL73R,11.69360352
17-07-2024,B09KT5HMNY,130.8959961
17-07-2024,B09KTFXX6L,4.642333984
17-07-2024,B09KTJRHC7,25.04541016
17-07-2024,B09KTMKDKJ,42.44824219
17-07-2024,B09KTMLQ1N,13.63354492
17-07-2024,B09MR2FY5D,10.25683594
17-07-2024,B09MR2MLZH,10.51806641
17-07-2024,B09MR4D874,0.986083984
17-07-2024,B09MR3RSW8,17.8125
17-07-2024,B09KDYY3SB,2.78125
17-07-2024,B0BNKY8RQN,1.193115234
17-07-2024,B0B31Y1FDZ,8.672607422
17-07-2024,B0BGDXV7FD,10.06982422
17-07-2024,B09MR3XT5G,28.58862305
17-07-2024,B09X1JTK49,2.625
17-07-2024,B0B31V3PKG,1.503417969
17-07-2024,B0B31T1XMH,3.075439453
17-07-2024,B0B31SVP2Q,1.878662109
17-07-2024,B0B31SM3ZR,4.754638672
17-07-2024,B0B31R1ZBV,9.014404297
17-07-2024,B09MR4Z3H9,6.680908203
17-07-2024,B09X1HV1NL,2.04296875
17-07-2024,B09X1F8C23,3.634521484
17-07-2024,B09X1F1L26,5.279296875
17-07-2024,B09MR5WS3Y,1.107910156
17-07-2024,B09MR56Q9N,4.348876953
17-07-2024,B0B31VTH56,5.077148438
17-07-2024,B0B31VFJ6Q,5.354248047
17-07-2024,B0B69SF1BT,6.10546875
17-07-2024,B0B699PLXD,31.70019531
17-07-2024,B0B69DD2C7,10.67016602
17-07-2024,B0B69DK8JN,13.7109375
17-07-2024,B0B69GN5KJ,4.571533203
17-07-2024,B09MR4G722,5.025634766
17-07-2024,B0BDRTZTGX,19.06884766
17-07-2024,B0BG2PD396,17.80297852
17-07-2024,B0BG2T78CJ,3.464111328
17-07-2024,B0BG2VYWSG,2.261962891
17-07-2024,B0BGDWGRQB,165.8408203
17-07-2024,B0BGDX2Z3L,56.50048828
17-07-2024,B09MR4Z3H8,11.65551758
17-07-2024,B09MR3Y296,106.260498
17-07-2024,B09MR36MLJ,4.922851563
17-07-2024,B0BNKZ88Z5,1.143310547
17-07-2024,B0BRCXJRX6,4.695556641
17-07-2024,B0BNL4S7GH,1.450195313
17-07-2024,B0BNKZ5BR1,1.073486328
17-07-2024,B0BRCXDHBX,12.21557617
17-07-2024,B0BNKZ9BJR,1.59765625
17-07-2024,B0BNKZBJX2,1.837158203
17-07-2024,B0BNKZCWFL,1.295410156
17-07-2024,B0BNKZF51P,1.496582031
17-07-2024,B0BNL11QD8,0.926025391
17-07-2024,B0BNL13PNY,1.900146484
17-07-2024,B0BNL2VK7L,1.208007813
17-07-2024,B0BNL3J36Z,1.114501953
17-07-2024,B0BNL3RDG4,1.278564453
17-07-2024,B0BNL3YY1C,1.178222656
17-07-2024,B0BNL1WL6R,1.543701172
17-07-2024,B0BNL4Y2J9,1.194580078
17-07-2024,B0BNL5N28Z,1.394775391
17-07-2024,B0BRCXCXCV,3.028076172
17-07-2024,B0BNL5BKMK,1.046142578
17-07-2024,B0BRCW2B64,3.18359375
17-07-2024,B0BNL7TJRT,1.030029297
17-07-2024,B0BNL6H152,1.071044922
17-07-2024,B0BRCW79VK,4.868652344
17-07-2024,B0BNL5LCM5,0.882080078
17-07-2024,B0BNL5HYLR,1.242919922
17-07-2024,B0BNL5CJ8G,0.694580078
17-07-2024,B0BNL5JR7V,1.243896484
17-07-2024,B0BSLTZV4Z,2.413330078
17-07-2024,B0BRCXQMS5,6.377441406
17-07-2024,B0BGDZLDX2,35.76611328
17-07-2024,B0CY5QQ49F,1.065917969
17-07-2024,B0BNKYW36G,1.092529297
17-07-2024,B0BRCXP7VN,6.524169922
17-07-2024,B0BRCXQRC9,11.56518555
17-07-2024,B0BRCXSTKW,1.220214844
17-07-2024,B0BRCXXBG2,8.293701172
17-07-2024,B0BRCY8QMH,11.18530273
17-07-2024,B0BRCYJ33N,5.426025391
17-07-2024,B0BNKYZD2Z,1.374023438
17-07-2024,B0BRCYK4JK,3.8515625
17-07-2024,B0BRCYQNSW,52.44335938
17-07-2024,B0BRCYV77T,6.687011719
17-07-2024,B0BRDCBGFD,6.783447266
17-07-2024,B0BRDCJWJC,2.497558594
17-07-2024,B0BRCYJ4SR,16.33666992
17-07-2024,B0BSLWJKSX,2.529296875
17-07-2024,B0BSLVXHYJ,1.944091797
17-07-2024,B0CY5KFQBD,2.202148438
17-07-2024,B0CR4C98FS,1.937988281
17-07-2024,B0CR4C5WXS,1.562744141
17-07-2024,B0CR4BK4FW,2.273681641
17-07-2024,B0CR4BGLK5,1.82421875
17-07-2024,B0CY5LR4VX,1.436523438
17-07-2024,B0CR49NR3B,1.878417969
17-07-2024,B0CR49N6MQ,2.194824219
17-07-2024,B0CR49BQRS,1.871337891
17-07-2024,B0CFV6V981,32.56103516
17-07-2024,B0C9JLKFPZ,1.155029297
17-07-2024,B0CR4BG4ZW,1.735107422
18-07-2024,B09KDW1YKQ,0.841796875
18-07-2024,B09KDVXTP4,1.772949219
18-07-2024,B09KDTS4DC,4.903320313
18-07-2024,B09KDTHJ6V,1.369628906
18-07-2024,B09KDR64LT,1.100097656
18-07-2024,B09KDNYCYR,5.252929688
18-07-2024,B09KDPXYG3,1.238769531
18-07-2024,B09KDN7PYR,2.943847656
18-07-2024,B09KDLQ2GW,2.328125
18-07-2024,B0BGDX2Z3L,56.22924805
18-07-2024,B09KDQ2BWY,1.892578125
18-07-2024,B09KDXJJ6W,1.943115234
18-07-2024,B09MR3XT5G,28.31738281
18-07-2024,B09MR3Y296,105.9892578
18-07-2024,B09KSXP3HN,7.622802734
18-07-2024,B09KT5HMNY,130.6247559
18-07-2024,B09KTF8ZDQ,25.42333984
18-07-2024,B09KTFXX6L,4.37109375
18-07-2024,B09KTJRHC7,24.77416992
18-07-2024,B09KTMKDKJ,42.17700195
18-07-2024,B09KTMLQ1N,13.36230469
18-07-2024,B09MR2FY5D,9.985595703
18-07-2024,B09MR2MLZH,10.24682617
18-07-2024,B09MR36MLJ,4.651611328
18-07-2024,B09MR3RSW8,17.54125977
18-07-2024,B09KDYY3SB,2.510009766
18-07-2024,B09KDZQJ6P,11.8605957
18-07-2024,B09MR4B13C,100.6223145
18-07-2024,B0B31Y1FDZ,8.401367188
18-07-2024,B09MR4G722,4.754394531
18-07-2024,B0BGDWGRQB,165.5695801
18-07-2024,B0B31T1XMH,2.804199219
18-07-2024,B0B31SVP2Q,1.607421875
18-07-2024,B0B31SM3ZR,4.483398438
18-07-2024,B0B31R1ZBV,8.743164063
18-07-2024,B09X1JTK49,2.353759766
18-07-2024,B09X1F1L26,5.008056641
18-07-2024,B09X1F8C23,3.36328125
18-07-2024,B09MR5WS3Y,0.836669922
18-07-2024,B09MR56Q9N,4.077636719
18-07-2024,B09MR4Z3H9,6.409667969
18-07-2024,B0B31VFJ6Q,5.083007813
18-07-2024,B09MR4Z3H8,11.38427734
18-07-2024,B0BG2T78CJ,3.192871094
18-07-2024,B0B31VTH56,4.805908203
18-07-2024,B0B699PLXD,31.42895508
18-07-2024,B0B69B8R3C,6.851806641
18-07-2024,B0B69C4GST,5.523193359
18-07-2024,B0B69DK8JN,13.43969727
18-07-2024,B0B69GN5KJ,4.300292969
18-07-2024,B0B69N4B1S,2.556152344
18-07-2024,B0B69SF1BT,5.834228516
18-07-2024,B0BDRQWBK9,17.40454102
18-07-2024,B0BDRS6R5Z,28.92211914
18-07-2024,B0BDRTZTGX,18.79760742
18-07-2024,B0BG2PD396,17.53173828
18-07-2024,B09MR4D874,0.71484375
18-07-2024,B09KSYL73R,11.42236328
18-07-2024,B09X1HV1NL,1.771728516
18-07-2024,B0BGDXM13S,1.459716797
18-07-2024,B0BRCXJRX6,4.424316406
18-07-2024,B0BRCXCXCV,2.756835938
18-07-2024,B0BNKY8RQN,0.921875
18-07-2024,B0BNKZ5BR1,0.802246094
18-07-2024,B0BNKZ6N9L,1.095458984
18-07-2024,B0BNKZ9BJR,1.326416016
18-07-2024,B0BNKZBJX2,1.565917969
18-07-2024,B0BNKZCWFL,1.024169922
18-07-2024,B0BNKZF51P,1.225341797
18-07-2024,B0BNKZYHRX,1.323242188
18-07-2024,B0BNL11QD8,0.654785156
18-07-2024,B0BNL13PNY,1.62890625
18-07-2024,B0BNL3RDG4,1.007324219
18-07-2024,B0BNL3YY1C,0.906982422
18-07-2024,B0BGDZLDX2,35.49487305
18-07-2024,B0BNL5JR7V,0.97265625
18-07-2024,B0BRCW79VK,4.597412109
18-07-2024,B0BRCW2B64,2.912353516
18-07-2024,B0BNL7TJRT,0.758789063
18-07-2024,B0BNL5N28Z,1.123535156
18-07-2024,B0BNL6H152,0.799804688
18-07-2024,B0BNL5HYLR,0.971679688
18-07-2024,B0BNL5CJ8G,0.423339844
18-07-2024,B0BNL4Y2J9,0.923339844
18-07-2024,B0BNL4S7GH,1.178955078
18-07-2024,B0BNL4NX61,0.875488281
18-07-2024,B0CY5QQ49F,0.794677734
18-07-2024,B0BNL46Y7W,0.759521484
18-07-2024,B0BRCXDHBX,11.94433594
18-07-2024,B0BNL2VK7L,0.936767578
18-07-2024,B0BRCXP7VN,6.252929688
18-07-2024,B0BSLTZV4Z,2.142089844
18-07-2024,B0BRCXQRC9,11.29394531
18-07-2024,B0BRCXSTKW,0.948974609
18-07-2024,B0BRCXXBG2,8.022460938
18-07-2024,B0BRCY8QMH,10.9140625
18-07-2024,B0BRCYJ33N,5.154785156
18-07-2024,B0BRCYJ4SR,16.06542969
18-07-2024,B0BRCYK4JK,3.580322266
18-07-2024,B0BRCYQNSW,52.17211914
18-07-2024,B0BRCYV77T,6.415771484
18-07-2024,B0BRDCBGFD,6.512207031
18-07-2024,B0BRDCJWJC,2.226318359
18-07-2024,B0BSLVXHYJ,1.672851563
18-07-2024,B0BSLWJKSX,2.258056641
18-07-2024,B0BRCXQMS5,6.106201172
18-07-2024,B0BGDXV7FD,9.798583984
18-07-2024,B0C9JLKFPZ,0.883789063
18-07-2024,B0CY5LR4VX,1.165283203
18-07-2024,B0CY5KFQBD,1.930908203
18-07-2024,B0CR4C98FS,1.666748047
18-07-2024,B0CR4BK4FW,2.002441406
18-07-2024,B0CR4C5WXS,1.291503906
18-07-2024,B0CR4BG4ZW,1.463867188
18-07-2024,B0CR49NR3B,1.607177734
18-07-2024,B0CR49N6MQ,1.923583984
18-07-2024,B0CR49BQRS,1.600097656
18-07-2024,B0CFV6V981,32.28979492
18-07-2024,B0CR4BGLK5,1.552978516
19-07-2024,B09KDTHJ6V,1.098388672
19-07-2024,B09KDW1YKQ,0.570556641
19-07-2024,B09KDVXTP4,1.501708984
19-07-2024,B09KDTS4DC,4.632080078
19-07-2024,B09KDR64LT,0.828857422
19-07-2024,B09KDZQJ6P,11.58935547
19-07-2024,B09KDNYCYR,4.981689453
19-07-2024,B09KDN7PYR,2.672607422
19-07-2024,B09KDLQ2GW,2.056884766
19-07-2024,B0BGDXM13S,1.188476563
19-07-2024,B09KDXJJ6W,1.671875
19-07-2024,B09KDPXYG3,0.967529297
19-07-2024,B09KDYY3SB,2.238769531
19-07-2024,B09KTJRHC7,24.50292969
19-07-2024,B09MR3Y296,105.7180176
19-07-2024,B09KSYL73R,11.15112305
19-07-2024,B09KT5HMNY,130.3535156
19-07-2024,B09KTF8ZDQ,25.15209961
19-07-2024,B09KTFXX6L,4.099853516
19-07-2024,B09KTMKDKJ,41.90576172
19-07-2024,B09KTMLQ1N,13.09106445
19-07-2024,B09MR2FY5D,9.714355469
19-07-2024,B09MR2MLZH,9.975585938
19-07-2024,B09MR3XT5G,28.04614258
19-07-2024,B09MR36MLJ,4.380371094
19-07-2024,B09MR3RSW8,17.27001953
19-07-2024,B09KSXP3HN,7.3515625
19-07-2024,B09MR4B13C,100.3510742
19-07-2024,B0B31R1ZBV,8.471923828
19-07-2024,B09MR4G722,4.483154297
19-07-2024,B09MR4Z3H8,11.11303711
19-07-2024,B0B31SM3ZR,4.212158203
19-07-2024,B0B31SVP2Q,1.336181641
19-07-2024,B09X1HV1NL,1.500488281
19-07-2024,B0B31T1XMH,2.532958984
19-07-2024,B09X1JTK49,2.082519531
19-07-2024,B09MR5WS3Y,0.565429688
19-07-2024,B09X1F8C23,3.092041016
19-07-2024,B09X1F1L26,4.736816406
19-07-2024,B09MR56Q9N,3.806396484
19-07-2024,B09MR4Z3H9,6.138427734
19-07-2024,B0B31VTH56,4.534667969
19-07-2024,B0B31VFJ6Q,4.811767578
19-07-2024,B0BDRS6R5Z,28.65087891
19-07-2024,B0B31Y1FDZ,8.130126953
19-07-2024,B0B699PLXD,31.15771484
19-07-2024,B0B69B8R3C,6.580566406
19-07-2024,B0B69C4GST,5.251953125
19-07-2024,B0B69DK8JN,13.16845703
19-07-2024,B0B69GN5KJ,4.029052734
19-07-2024,B0B69N4B1S,2.284912109
19-07-2024,B0B69SF1BT,5.562988281
19-07-2024,B0BDRQWBK9,17.13330078
19-07-2024,B0BDRTZTGX,18.52636719
19-07-2024,B0BG2T78CJ,2.921630859
19-07-2024,B0BGDWGRQB,165.2983398
19-07-2024,B09MR4D874,0.443603516
19-07-2024,B09KDQ2BWY,1.621337891
19-07-2024,B0BGDX2Z3L,55.95800781
19-07-2024,B0BRCXQRC9,11.02270508
19-07-2024,B0BGDXV7FD,9.52734375
19-07-2024,B0BNKY8RQN,0.650634766
19-07-2024,B0BNKZ5BR1,0.531005859
19-07-2024,B0BGDZLDX2,35.22363281
19-07-2024,B0BNKZ6N9L,0.82421875
19-07-2024,B0BNKZ9BJR,1.055175781
19-07-2024,B0BNKZBJX2,1.294677734
19-07-2024,B0BNKZCWFL,0.752929688
19-07-2024,B0BNKZYHRX,1.052001953
19-07-2024,B0BNL11QD8,0.383544922
19-07-2024,B0BNL13PNY,1.357666016
19-07-2024,B0BNL2VK7L,0.665527344
19-07-2024,B0BNL3RDG4,0.736083984
19-07-2024,B0BNL3YY1C,0.635742188
19-07-2024,B0BNKZF51P,0.954101563
19-07-2024,B0BNL5N28Z,0.852294922
19-07-2024,B0BNL4NX61,0.604248047
19-07-2024,B0BRCW79VK,4.326171875
19-07-2024,B0BRCW2B64,2.641113281
19-07-2024,B0BNL7TJRT,0.487548828
19-07-2024,B0BNL6H152,0.528564453
19-07-2024,B0BRCXCXCV,2.485595703
19-07-2024,B0BNL5CJ8G,0.152099609
19-07-2024,B0BNL4Y2J9,0.652099609
19-07-2024,B0BNL4S7GH,0.907714844
19-07-2024,B0BNL5HYLR,0.700439453
19-07-2024,B0BG2PD396,17.26049805
19-07-2024,B0BNL46Y7W,0.48828125
19-07-2024,B0BRCXDHBX,11.6730957
19-07-2024,B0BNL5JR7V,0.701416016
19-07-2024,B0BRCXP7VN,5.981689453
19-07-2024,B0CY5QQ49F,0.5234375
19-07-2024,B0BRCXJRX6,4.153076172
19-07-2024,B0BRCXQMS5,5.834960938
19-07-2024,B0BRCXSTKW,0.677734375
19-07-2024,B0BRCY8QMH,10.64282227
19-07-2024,B0BRCYJ33N,4.883544922
19-07-2024,B0BRCYJ4SR,15.79418945
19-07-2024,B0BRCYK4JK,3.309082031
19-07-2024,B0BRCYQNSW,51.90087891
19-07-2024,B0BRCYV77T,6.14453125
19-07-2024,B0BRDCBGFD,6.240966797
19-07-2024,B0BRDCJWJC,1.955078125
19-07-2024,B0BSLTZV4Z,1.870849609
19-07-2024,B0BRCXXBG2,7.751220703
19-07-2024,B0BSLWJKSX,1.986816406
19-07-2024,B0BSLVXHYJ,1.401611328
19-07-2024,B0CY5KFQBD,1.659667969
19-07-2024,B0CR4C98FS,1.395507813
19-07-2024,B0CR4BK4FW,1.731201172
19-07-2024,B0CR4BGLK5,1.281738281
19-07-2024,B0CR4C5WXS,1.020263672
19-07-2024,B0CR49NR3B,1.3359375
19-07-2024,B0C9JLKFPZ,0.612548828
19-07-2024,B0CR4BG4ZW,1.192626953
19-07-2024,B0CFV6V981,32.01855469
19-07-2024,B0CR49BQRS,1.328857422
19-07-2024,B0CY5LR4VX,0.894042969
19-07-2024,B0CR49N6MQ,1.65234375
20-07-2024,B09KDLQ2GW,1.785644531
20-07-2024,B09KDN7PYR,2.401367188
20-07-2024,B09KDPXYG3,0.696289063
20-07-2024,B09KDQ2BWY,1.350097656
20-07-2024,B0BGDWGRQB,165.0270996
20-07-2024,B09KDR64LT,0.557617188
20-07-2024,B09KDTHJ6V,0.827148438
20-07-2024,B09KDVXTP4,1.23046875
20-07-2024,B09KDW1YKQ,0.299316406
20-07-2024,B09KDNYCYR,4.710449219
20-07-2024,B09KTFXX6L,3.828613281
20-07-2024,B09MR3XT5G,27.77490234
20-07-2024,B09KDZQJ6P,11.31811523
20-07-2024,B09KSYL73R,10.87988281
20-07-2024,B09KTF8ZDQ,24.88085938
20-07-2024,B09KTJRHC7,24.23168945
20-07-2024,B09KTMKDKJ,41.63452148
20-07-2024,B09KTMLQ1N,12.81982422
20-07-2024,B09MR2FY5D,9.443115234
20-07-2024,B09KDXJJ6W,1.400634766
20-07-2024,B09MR2MLZH,9.704345703
20-07-2024,B09KDYY3SB,1.967529297
20-07-2024,B09MR3Y296,105.4467773
20-07-2024,B09MR4G722,4.211914063
20-07-2024,B09MR4D874,0.172363281
20-07-2024,B09MR36MLJ,4.109130859
20-07-2024,B09X1JTK49,1.811279297
20-07-2024,B09MR4Z3H8,10.84179688
20-07-2024,B09MR4Z3H9,5.8671875
20-07-2024,B09MR56Q9N,3.53515625
20-07-2024,B09MR5Q6HJ,4.684082031
20-07-2024,B09MR5WS3Y,0.294189453
20-07-2024,B09X1F1L26,4.465576172
20-07-2024,B09X1F8C23,2.820800781
20-07-2024,B09X1HV1NL,1.229248047
20-07-2024,B09KSXP3HN,7.080322266
20-07-2024,B0BDRQWBK9,16.86206055
20-07-2024,B0B31SVP2Q,1.064941406
20-07-2024,B0B31T1XMH,2.26171875
20-07-2024,B0B31V3PKG,0.689697266
20-07-2024,B0B31VFJ6Q,4.540527344
20-07-2024,B0B31Y1FDZ,7.858886719
20-07-2024,B0B699PLXD,30.88647461
20-07-2024,B0B69B8R3C,6.309326172
20-07-2024,B0B69C4GST,4.980712891
20-07-2024,B0B69DK8JN,12.8972168
20-07-2024,B09MR4B13C,100.079834
20-07-2024,B0B31R1ZBV,8.200683594
20-07-2024,B0BG2PD396,16.98925781
20-07-2024,B0BRCYJ33N,4.612304688
20-07-2024,B0BGDX2Z3L,55.68676758
20-07-2024,B0BNL4S6MB,0.440917969
20-07-2024,B0BGDXV7FD,9.256103516
20-07-2024,B0BRCXQMS5,5.563720703
20-07-2024,B0BGDZLDX2,34.95239258
20-07-2024,B0BNKY8RQN,0.379394531
20-07-2024,B0BNKZ5BR1,0.259765625
20-07-2024,B0BNKZ88Z5,0.329589844
20-07-2024,B0BNKZBJX2,1.0234375
20-07-2024,B0BNL13PNY,1.086425781
20-07-2024,B0BNL3RDG4,0.46484375
20-07-2024,B0BRCXQRC9,10.75146484
20-07-2024,B0BNKZ9BJR,0.783935547
20-07-2024,B0BNL4Y2J9,0.380859375
20-07-2024,B0BNL5CJ8G,-0.119140625
20-07-2024,B0BNL5HYLR,0.429199219
20-07-2024,B0BNL6H152,0.257324219
20-07-2024,B0BRCXP7VN,5.710449219
20-07-2024,B0BRCW2B64,2.369873047
20-07-2024,B0BRCW79VK,4.054931641
20-07-2024,B0BRCXDHBX,11.40185547
20-07-2024,B0BRCXJRX6,3.881835938
20-07-2024,B0B69G3YRM,2.003173828
20-07-2024,B0BRCXCXCV,2.214355469
20-07-2024,B0CR49N6MQ,1.381103516
20-07-2024,B0BNL2VK7L,0.394287109
20-07-2024,B0BGDXM13S,0.917236328
20-07-2024,B0BRCY8QMH,10.37158203
20-07-2024,B0BRCYJ4SR,15.52294922
20-07-2024,B0BRCYK4JK,3.037841797
20-07-2024,B0BRCYQNSW,51.62963867
20-07-2024,B0BRCYV77T,5.873291016
20-07-2024,B0BRDCBGFD,5.969726563
20-07-2024,B0BRDCJWJC,1.683837891
20-07-2024,B0BSLVXHYJ,1.130371094
20-07-2024,B0BSLWJKSX,1.715576172
20-07-2024,B0C9JLKFPZ,0.341308594
20-07-2024,B0CR49BQRS,1.057617188
20-07-2024,B0CFV6V981,31.74731445
20-07-2024,B0CY5QQ49F,0.252197266
20-07-2024,B0CR49NR3B,1.064697266
20-07-2024,B0CR4BG4ZW,0.921386719
20-07-2024,B0CR4BGLK5,1.010498047
20-07-2024,B0CR4BK4FW,1.459960938
20-07-2024,B0CR4C5WXS,0.749023438
20-07-2024,B0CR4C98FS,1.124267578
20-07-2024,B0CY5KFQBD,1.388427734
20-07-2024,B0CY5LR4VX,0.622802734
20-07-2024,B0BRCXXBG2,7.479980469
21-07-2024,B09KDTHJ6V,0.555908203
21-07-2024,B09KDR64LT,0.286376953
21-07-2024,B09KDQ2BWY,1.078857422
21-07-2024,B09KDPXYG3,0.425048828
21-07-2024,B09MR3XT5G,27.50366211
21-07-2024,B09KDN7PYR,2.129882813
21-07-2024,B0BDRQWBK9,16.59082031
21-07-2024,B09KDTS4DC,4.089599609
21-07-2024,B09MR3RSW8,16.72753906
21-07-2024,B09KDNYCYR,4.439208984
21-07-2024,B09KDVXTP4,0.959228516
21-07-2024,B09KT5HMNY,129.8110352
21-07-2024,B09KDXJJ6W,1.129394531
21-07-2024,B09KDYY3SB,1.696289063
21-07-2024,B09KDZQJ6P,11.046875
21-07-2024,B09KSXP3HN,6.809082031
21-07-2024,B09KTF8ZDQ,24.60961914
21-07-2024,B09KTFXX6L,3.557373047
21-07-2024,B09KTJRHC7,23.96044922
21-07-2024,B09KTMKDKJ,41.36328125
21-07-2024,B09KTMLQ1N,12.54858398
21-07-2024,B09MR2FY5D,9.171875
21-07-2024,B09KDW1YKQ,0.028076172
21-07-2024,B09KSYL73R,10.60864258
21-07-2024,B09MR5Q6HJ,4.412841797
21-07-2024,B09MR3Y296,105.1755371
21-07-2024,B09MR2MLZH,9.433105469
21-07-2024,B09X1F8C23,2.549560547
21-07-2024,B09X1F1L26,4.194335938
21-07-2024,B09MR5WS3Y,0.022949219
21-07-2024,B09MR4D874,-0.098876953
21-07-2024,B09MR56Q9N,3.263916016
21-07-2024,B09MR4Z3H9,5.595947266
21-07-2024,B09MR4Z3H8,10.57055664
21-07-2024,B09MR4G722,3.940673828
21-07-2024,B09X1JTK49,1.540039063
21-07-2024,B09X1HV1NL,0.958007813
21-07-2024,B0B69G3YRM,1.731933594
21-07-2024,B0B31R1ZBV,7.929443359
21-07-2024,B0B31SM3ZR,3.669677734
21-07-2024,B0B31SVP2Q,0.793701172
21-07-2024,B0B31T1XMH,1.990478516
21-07-2024,B0B31V3PKG,0.418457031
21-07-2024,B0B31VFJ6Q,4.269287109
21-07-2024,B0B31Y1FDZ,7.587646484
21-07-2024,B0B699PLXD,30.61523438
21-07-2024,B0B69C4GST,4.709472656
21-07-2024,B09KDLQ2GW,1.514160156
21-07-2024,B0B69DK8JN,12.62597656
21-07-2024,B09MR4B13C,99.80859375
21-07-2024,B09MR36MLJ,3.837890625
21-07-2024,B0BRCY8QMH,10.1003418
21-07-2024,B0B69DD2C7,9.585205078
21-07-2024,B0BRCXQMS5,5.292480469
21-07-2024,B0BNKZCWFL,0.210449219
21-07-2024,B0BG2T78CJ,2.379150391
21-07-2024,B0BG2Z8CY4,2.556640625
21-07-2024,B0BGDWGRQB,164.7558594
21-07-2024,B0BGDX2Z3L,55.41552734
21-07-2024,B0BGDXM13S,0.645996094
21-07-2024,B0BGDXV7FD,8.984863281
21-07-2024,B0BNKYPVM6,-0.081787109
21-07-2024,B0BNKZ5BR1,-0.011474609
21-07-2024,B0BNKZBJX2,0.752197266
21-07-2024,B0BGDZLDX2,34.68115234
21-07-2024,B0BNKZKGFG,-0.112548828
21-07-2024,B0BRCW79VK,3.783691406
21-07-2024,B0BRCXJRX6,3.610595703
21-07-2024,B0BNL13PNY,0.815185547
21-07-2024,B0BRCXDHBX,11.13061523
21-07-2024,B0BRCXCXCV,1.943115234
21-07-2024,B0BRCXP7VN,5.439208984
21-07-2024,B0BRCW2B64,2.098632813
21-07-2024,B0BNL4S7GH,0.365234375
21-07-2024,B0BNL4S6MB,0.169677734
21-07-2024,B0B69SF1BT,5.020507813
21-07-2024,B0CY5QQ49F,-0.019042969
21-07-2024,B0BRCXXBG2,7.208740234
21-07-2024,B0BNKYZD2Z,0.2890625
21-07-2024,B0CY5LR4VX,0.3515625
21-07-2024,B0BG2PD396,16.71801758
21-07-2024,B0BRCXQRC9,10.48022461
21-07-2024,B0BNL3RDG4,0.193603516
21-07-2024,B0BRCYJ33N,4.341064453
21-07-2024,B0BRCYK4JK,2.766601563
21-07-2024,B0BRCYQNSW,51.35839844
21-07-2024,B0BRCYV77T,5.602050781
21-07-2024,B0BRDCBGFD,5.698486328
21-07-2024,B0BRDCJWJC,1.412597656
21-07-2024,B0BSLVXHYJ,0.859130859
21-07-2024,B0BSLWJKSX,1.444335938
21-07-2024,B0C9JLKFPZ,0.070068359
21-07-2024,B0BDRTZTGX,17.98388672
21-07-2024,B0CQVLFPBQ,0.559082031
21-07-2024,B0CFV6V981,31.47607422
21-07-2024,B0CR4C98FS,0.853027344
21-07-2024,B0CR4C5WXS,0.477783203
21-07-2024,B0CR4BK4FW,1.188720703
21-07-2024,B0CR4BGLK5,0.739257813
21-07-2024,B0CY5KFQBD,1.1171875
21-07-2024,B0CR49NR3B,0.793457031
21-07-2024,B0CR49N6MQ,1.109863281
21-07-2024,B0CR49BQRS,0.786376953
21-07-2024,B0CR4BG4ZW,0.650146484
22-07-2024,B09KDVXTP4,2.586914063
22-07-2024,B09KDLQ2GW,3.141845703
22-07-2024,B0B69SF1BT,6.648193359
22-07-2024,B09KDNYCYR,6.066894531
22-07-2024,B09KDPXYG3,2.052734375
22-07-2024,B09KDQ2BWY,2.706542969
22-07-2024,B09KDR64LT,1.9140625
22-07-2024,B09KDXJJ6W,2.757080078
22-07-2024,B09KDTHJ6V,2.18359375
22-07-2024,B09KDTS4DC,5.717285156
22-07-2024,B09KDW1YKQ,1.655761719
22-07-2024,B09KSYL73R,12.23632813
22-07-2024,B09MR2MLZH,11.06079102
22-07-2024,B09KDZQJ6P,12.67456055
22-07-2024,B09KSXP3HN,8.436767578
22-07-2024,B09KT5HMNY,131.4387207
22-07-2024,B09KTF8ZDQ,26.23730469
22-07-2024,B09KTFXX6L,5.185058594
22-07-2024,B09KTJRHC7,25.58813477
22-07-2024,B09KTMKDKJ,42.9909668
22-07-2024,B09KTMLQ1N,14.17626953
22-07-2024,B09MR36MLJ,5.465576172
22-07-2024,B09KDYY3SB,3.323974609
22-07-2024,B09KDN7PYR,3.757568359
22-07-2024,B09MR4Z3H9,7.223632813
22-07-2024,B09MR3RSW8,18.35522461
22-07-2024,B09MR2FY5D,10.79956055
22-07-2024,B09X1F1L26,5.822021484
22-07-2024,B09MR5WS3Y,1.650634766
22-07-2024,B09MR5Q6HJ,6.040527344
22-07-2024,B09MR56Q9N,4.891601563
22-07-2024,B09MR3Y296,106.8032227
22-07-2024,B09MR4Z3H8,12.19824219
22-07-2024,B09MR4G722,5.568359375
22-07-2024,B09MR4D874,1.528808594
22-07-2024,B09MR4B13C,101.4362793
22-07-2024,B09X1HV1NL,2.585693359
22-07-2024,B09X1F8C23,4.177246094
22-07-2024,B0B69DD2C7,11.21289063
22-07-2024,B09X1JTK49,3.167724609
22-07-2024,B0B31R1ZBV,9.557128906
22-07-2024,B0B31SM3ZR,5.297363281
22-07-2024,B0B31SVP2Q,2.421386719
22-07-2024,B0B31T1XMH,3.618164063
22-07-2024,B0B31V3PKG,2.046142578
22-07-2024,B0B31VFJ6Q,5.896972656
22-07-2024,B0B31Y1FDZ,9.215332031
22-07-2024,B0B699PLXD,32.24291992
22-07-2024,B0B69C4GST,6.337158203
22-07-2024,B09MR3XT5G,29.13134766
22-07-2024,B0B69G3YRM,3.359619141
22-07-2024,B0BRCXQRC9,12.10791016
22-07-2024,B0BDRQWBK9,18.21850586
22-07-2024,B0BRCXP7VN,7.066894531
22-07-2024,B0BG2PD396,18.34570313
22-07-2024,B0BG2T78CJ,4.006835938
22-07-2024,B0BG2Z8CY4,4.184326172
22-07-2024,B0BGDWGRQB,166.3835449
22-07-2024,B0BGDX2Z3L,57.04321289
22-07-2024,B0BGDXM13S,2.273681641
22-07-2024,B0BGDZLDX2,36.30883789
22-07-2024,B0BNKYPVM6,1.545898438
22-07-2024,B0BNKZ5BR1,1.616210938
22-07-2024,B0BNKZBJX2,2.379882813
22-07-2024,B0BGDXV7FD,10.61254883
22-07-2024,B0BNL13PNY,2.442871094
22-07-2024,B0BNL3RDG4,1.821289063
22-07-2024,B0BRCXJRX6,5.23828125
22-07-2024,B0BNL4S6MB,1.797363281
22-07-2024,B0BNL4S7GH,1.992919922
22-07-2024,B0BRCW2B64,3.726318359
22-07-2024,B0BRCW79VK,5.411376953
22-07-2024,B0BRCXCXCV,3.570800781
22-07-2024,B0B69DK8JN,14.25366211
22-07-2024,B0BNKZKGFG,1.515136719
22-07-2024,B0BNKZCWFL,1.838134766
22-07-2024,B0BRCXQMS5,6.920166016
22-07-2024,B0BRCXDHBX,12.75830078
22-07-2024,B0BRCXXBG2,8.836425781
22-07-2024,B0CY5QQ49F,1.608642578
22-07-2024,B0BRCYJ33N,5.96875
22-07-2024,B0BRCYK4JK,4.394287109
22-07-2024,B0BRCYQNSW,52.98608398
22-07-2024,B0BRCYV77T,7.229736328
22-07-2024,B0BRDCBGFD,7.326171875
22-07-2024,B0BRDCJWJC,3.040283203
22-07-2024,B0BSLVXHYJ,2.486816406
22-07-2024,B0BSLWJKSX,3.072021484
22-07-2024,B0C9JLKFPZ,1.697753906
22-07-2024,B0CFV6V981,33.10375977
22-07-2024,B0BRCY8QMH,11.72802734
22-07-2024,B0CR49BQRS,2.4140625
22-07-2024,B0CQVLFPBQ,2.186767578
22-07-2024,B0CY5LR4VX,1.979248047
22-07-2024,B0CY5KFQBD,2.744873047
22-07-2024,B0CR4C98FS,2.480712891
22-07-2024,B0CR4C5WXS,2.10546875
22-07-2024,B0BDRTZTGX,19.61157227
22-07-2024,B0CR4BGLK5,2.366943359
22-07-2024,B0CR4BG4ZW,2.277832031
22-07-2024,B0CR49NR3B,2.421142578
22-07-2024,B0CR49N6MQ,2.737548828
22-07-2024,B0CR4BK4FW,2.81640625
23-07-2024,B09KDVXTP4,2.315429688
23-07-2024,B09KDN7PYR,3.486328125
23-07-2024,B09KDNYCYR,5.795410156
23-07-2024,B09KDPXYG3,1.78125
23-07-2024,B09KDQ2BWY,2.435058594
23-07-2024,B09KDR64LT,1.642578125
23-07-2024,B09KDTHJ6V,1.912109375
23-07-2024,B09KDTS4DC,5.445800781
23-07-2024,B0B69DK8JN,13.98217773
23-07-2024,B09KSYL73R,11.96484375
23-07-2024,B09KDXJJ6W,2.485595703
23-07-2024,B09KDYY3SB,3.052490234
23-07-2024,B09KDZQJ6P,12.40307617
23-07-2024,B09KSXP3HN,8.165283203
23-07-2024,B09KTMLQ1N,13.90478516
23-07-2024,B09KTF8ZDQ,25.96582031
23-07-2024,B09KTFXX6L,4.913574219
23-07-2024,B09KTJRHC7,25.31665039
23-07-2024,B09KTMKDKJ,42.71948242
23-07-2024,B09MR2FY5D,10.52807617
23-07-2024,B09KDW1YKQ,1.384277344
23-07-2024,B09MR2MLZH,10.78930664
23-07-2024,B0B699PLXD,31.97143555
23-07-2024,B09MR3RSW8,18.08374023
23-07-2024,B09X1F8C23,3.905761719
23-07-2024,B09MR3XT5G,28.85986328
23-07-2024,B09MR3Y296,106.5317383
23-07-2024,B09MR4B13C,101.1647949
23-07-2024,B09MR4D874,1.257324219
23-07-2024,B09MR4Z3H8,11.92675781
23-07-2024,B09MR4Z3H9,6.952148438
23-07-2024,B09MR56Q9N,4.620117188
23-07-2024,B09MR5Q6HJ,5.769042969
23-07-2024,B09MR5WS3Y,1.379150391
23-07-2024,B09X1F1L26,5.550537109
23-07-2024,B09X1HV1NL,2.314208984
23-07-2024,B09X1JTK49,2.896240234
23-07-2024,B0B31R1ZBV,9.285644531
23-07-2024,B0B31SVP2Q,2.149902344
23-07-2024,B0B31T1XMH,3.346679688
23-07-2024,B0B31V3PKG,1.774658203
23-07-2024,B0B31VFJ6Q,5.625488281
23-07-2024,B0B31VTH56,5.348388672
23-07-2024,B0B31Y1FDZ,8.943847656
23-07-2024,B09MR36MLJ,5.194091797
23-07-2024,B09KDLQ2GW,2.870605469
23-07-2024,B0B69C4GST,6.065673828
23-07-2024,B09KT5HMNY,131.1672363
23-07-2024,B0B69SF1BT,6.376708984
23-07-2024,B0BNL4CB4X,1.276123047
23-07-2024,B0BRCXQMS5,6.648681641
23-07-2024,B0BGDWGRQB,166.1120605
23-07-2024,B0BGDX2Z3L,56.77172852
23-07-2024,B0BGDXV7FD,10.34106445
23-07-2024,B0BNKYPVM6,1.274414063
23-07-2024,B0BDRQWBK9,17.94702148
23-07-2024,B0BNKZBJX2,2.108398438
23-07-2024,B0BNKZKGFG,1.243652344
23-07-2024,B0BNL13PNY,2.171386719
23-07-2024,B0BNL2VK7L,1.479248047
23-07-2024,B0BNKZ9BJR,1.868896484
23-07-2024,B0BRCXP7VN,6.795410156
23-07-2024,B0BNL5BKMK,1.317382813
23-07-2024,B0BNL5HYLR,1.514160156
23-07-2024,B0BRCW2B64,3.454833984
23-07-2024,B0BRCW79VK,5.139892578
23-07-2024,B0BRCXCXCV,3.299316406
23-07-2024,B0BRCXDHBX,12.48681641
23-07-2024,B0BRCXJRX6,4.966796875
23-07-2024,B0BNKZ5BR1,1.344726563
23-07-2024,B0BRCXQRC9,11.83642578
23-07-2024,B0CFV6V981,32.83227539
23-07-2024,B0BNL4HPH9,1.034423828
23-07-2024,B0CY5QQ49F,1.337158203
23-07-2024,B0BRCY8QMH,11.45654297
23-07-2024,B0BRCYJ33N,5.697265625
23-07-2024,B0BRCYJ4SR,16.60791016
23-07-2024,B0BRCYK4JK,4.122802734
23-07-2024,B0BRCYQNSW,52.71459961
23-07-2024,B0BRCYV77T,6.958251953
23-07-2024,B0BRDCBGFD,7.0546875
23-07-2024,B0BRDCJWJC,2.768798828
23-07-2024,B0BSLTZV4Z,2.684570313
23-07-2024,B0BSLVXHYJ,2.215332031
23-07-2024,B0BRCXXBG2,8.564941406
23-07-2024,B0CR49BQRS,2.142578125
23-07-2024,B0CR49N6MQ,2.466064453
23-07-2024,B0CR49NR3B,2.149658203
23-07-2024,B0CR4BG4ZW,2.006347656
23-07-2024,B0CR4BGLK5,2.095458984
23-07-2024,B0CR4BK4FW,2.544921875
23-07-2024,B0CR4C5WXS,1.833984375
23-07-2024,B0CR4C98FS,2.209228516
23-07-2024,B0CY5KFQBD,2.473388672
23-07-2024,B0CY5LR4VX,1.707763672
23-07-2024,B0C9JLKFPZ,1.426269531
24-07-2024,B09KDTHJ6V,1.640869141
24-07-2024,B09KDR64LT,1.371337891
24-07-2024,B09KDQ2BWY,2.163818359
24-07-2024,B09KDXJJ6W,2.214355469
24-07-2024,B09KDNYCYR,5.524169922
24-07-2024,B0BGDWGRQB,165.8408203
24-07-2024,B09KDLQ2GW,2.599365234
24-07-2024,B09KDPXYG3,1.510009766
24-07-2024,B09KDTS4DC,5.174560547
24-07-2024,B09KSYL73R,11.69360352
24-07-2024,B09KDYY3SB,2.78125
24-07-2024,B09MR2MLZH,10.51806641
24-07-2024,B09KDZQJ6P,12.13183594
24-07-2024,B09KT5HMNY,130.8959961
24-07-2024,B09KTF8ZDQ,25.69458008
24-07-2024,B09KTFXX6L,4.642333984
24-07-2024,B09KTJRHC7,25.04541016
24-07-2024,B09KTMKDKJ,42.44824219
24-07-2024,B09MR3RSW8,17.8125
24-07-2024,B09KTMLQ1N,13.63354492
24-07-2024,B09KDVXTP4,2.044189453
24-07-2024,B09KSXP3HN,7.894042969
24-07-2024,B09X1JTK49,2.625
24-07-2024,B0BDRS6R5Z,29.19335938
24-07-2024,B09MR2FY5D,10.25683594
24-07-2024,B09MR5WS3Y,1.107910156
24-07-2024,B09X1F1L26,5.279296875
24-07-2024,B09X1DHRLN,0.767822266
24-07-2024,B09MR4G722,5.025634766
24-07-2024,B09MR56Q9N,4.348876953
24-07-2024,B09MR4Z3H9,6.680908203
24-07-2024,B09MR4Z3H8,11.65551758
24-07-2024,B09X1HV1NL,2.04296875
24-07-2024,B09MR3Y296,106.260498
24-07-2024,B09MR4B13C,100.8935547
24-07-2024,B0B31T1XMH,3.075439453
24-07-2024,B0B31R1ZBV,9.014404297
24-07-2024,B0B31SVP2Q,1.878662109
24-07-2024,B0B31VFJ6Q,5.354248047
24-07-2024,B0B31Y1FDZ,8.672607422
24-07-2024,B0B69DK8JN,13.7109375
24-07-2024,B0B69GN5KJ,4.571533203
24-07-2024,B0BDRQWBK9,17.67578125
24-07-2024,B09MR3XT5G,28.58862305
24-07-2024,B09X1F8C23,3.634521484
24-07-2024,B09KDN7PYR,3.215087891
24-07-2024,B0BGDX2Z3L,56.50048828
24-07-2024,B0BRCXCXCV,3.028076172
24-07-2024,B0BNL64PBG,1.277099609
24-07-2024,B0BGDXV7FD,10.06982422
24-07-2024,B0BRCY8QMH,11.18530273
24-07-2024,B0BGDZLDX2,35.76611328
24-07-2024,B0BNKYW36G,1.092529297
24-07-2024,B0BNKZ5BR1,1.073486328
24-07-2024,B0BNKZBJX2,1.837158203
24-07-2024,B0BNL117VT,1.240966797
24-07-2024,B0BNL4HPH9,0.763183594
24-07-2024,B0BRCYJ33N,5.426025391
24-07-2024,B0BNL5HYLR,1.242919922
24-07-2024,B0BRCW2B64,3.18359375
24-07-2024,B0BRCXJRX6,4.695556641
24-07-2024,B0BRCXQRC9,11.56518555
24-07-2024,B0BRCXQMS5,6.377441406
24-07-2024,B0BRCXP7VN,6.524169922
24-07-2024,B0BRCXXBG2,8.293701172
24-07-2024,B0BRCXDHBX,12.21557617
24-07-2024,B0BG2PD396,17.80297852
24-07-2024,B0BRCW79VK,4.868652344
24-07-2024,B0BNL11QD8,0.926025391
24-07-2024,B0CQVLFPBQ,1.644042969
24-07-2024,B0BNL13PNY,1.900146484
24-07-2024,B0BGDXM13S,1.730957031
24-07-2024,B0CR49N6MQ,2.194824219
24-07-2024,B0BRCYK4JK,3.8515625
24-07-2024,B0BRCYQNSW,52.44335938
24-07-2024,B0BRCYV77T,6.687011719
24-07-2024,B0BRDCBGFD,6.783447266
24-07-2024,B0BRDCJWJC,2.497558594
24-07-2024,B0BSLTZV4Z,2.413330078
24-07-2024,B0C9JLKFPZ,1.155029297
24-07-2024,B0CFV6V981,32.56103516
24-07-2024,B0CR49BQRS,1.871337891
24-07-2024,B0BSLVXHYJ,1.944091797
24-07-2024,B0BRCYJ4SR,16.33666992
24-07-2024,B0CY5QQ49F,1.065917969
24-07-2024,B0CR49NR3B,1.878417969
24-07-2024,B0CY5KFQBD,2.202148438
24-07-2024,B0CR4C98FS,1.937988281
24-07-2024,B0CR4C5WXS,1.562744141
24-07-2024,B0CY5LR4VX,1.436523438
24-07-2024,B0CR4BGLK5,1.82421875
24-07-2024,B0CR4BG4ZW,1.735107422
24-07-2024,B0CR4BK4FW,2.273681641
25-07-2024,B09KDR64LT,1.100097656
25-07-2024,B09KDVXTP4,1.772949219
25-07-2024,B0BDRQWBK9,17.40454102
25-07-2024,B09KDLQ2GW,2.328125
25-07-2024,B09KDN7PYR,2.943847656
25-07-2024,B09KDNYCYR,5.252929688
25-07-2024,B09KDPXYG3,1.238769531
25-07-2024,B09KDQ2BWY,1.892578125
25-07-2024,B09KDTHJ6V,1.369628906
25-07-2024,B09KTFXX6L,4.37109375
25-07-2024,B09KDW1YKQ,0.841796875
25-07-2024,B09KTMLQ1N,13.36230469
25-07-2024,B09KDXJJ6W,1.943115234
25-07-2024,B09KDZQJ6P,11.8605957
25-07-2024,B09KSXP3HN,7.622802734
25-07-2024,B09KSYL73R,11.42236328
25-07-2024,B09KT5HMNY,130.6247559
25-07-2024,B09KTF8ZDQ,25.42333984
25-07-2024,B09MR2FY5D,9.985595703
25-07-2024,B09KDTS4DC,4.903320313
25-07-2024,B09KDYY3SB,2.510009766
25-07-2024,B09KTJRHC7,24.77416992
25-07-2024,B0B31Y1FDZ,8.401367188
25-07-2024,B09MR4Z3H9,6.409667969
25-07-2024,B09MR5WS3Y,0.836669922
25-07-2024,B09MR56Q9N,4.077636719
25-07-2024,B09MR3Y296,105.9892578
25-07-2024,B09MR4Z3H8,11.38427734
25-07-2024,B09MR4D874,0.71484375
25-07-2024,B09MR4B13C,100.6223145
25-07-2024,B09X1F1L26,5.008056641
25-07-2024,B09MR3XT5G,28.31738281
25-07-2024,B09X1DHRLN,0.496582031
25-07-2024,B09X1JTK49,2.353759766
25-07-2024,B09X1F8C23,3.36328125
25-07-2024,B09X1FWK8Z,0.678955078
25-07-2024,B09X1HV1NL,1.771728516
25-07-2024,B0B31R1ZBV,8.743164063
25-07-2024,B0B31SM3ZR,4.483398438
25-07-2024,B0B31T1XMH,2.804199219
25-07-2024,B0B31VFJ6Q,5.083007813
25-07-2024,B09MR2MLZH,10.24682617
25-07-2024,B09MR3RSW8,17.54125977
25-07-2024,B09KTMKDKJ,42.17700195
25-07-2024,B0B31VTH56,4.805908203
25-07-2024,B0BRCYK4JK,3.580322266
25-07-2024,B0BNL13PNY,1.62890625
25-07-2024,B0BRCXQMS5,6.106201172
25-07-2024,B0BGDWGRQB,165.5695801
25-07-2024,B0BGDX2Z3L,56.22924805
25-07-2024,B0BGDXM13S,1.459716797
25-07-2024,B0BGDXV7FD,9.798583984
25-07-2024,B0BNKYW36G,0.821289063
25-07-2024,B0BNKZ5BR1,0.802246094
25-07-2024,B0BNL11QD8,0.654785156
25-07-2024,B0BRCXQRC9,11.29394531
25-07-2024,B0BG2Z8CY4,3.370361328
25-07-2024,B0BNL64PBG,1.005859375
25-07-2024,B0BRCW2B64,2.912353516
25-07-2024,B0BRCW79VK,4.597412109
25-07-2024,B0BRCXCXCV,2.756835938
25-07-2024,B0BRCXDHBX,11.94433594
25-07-2024,B0BRCXJRX6,4.424316406
25-07-2024,B0BRCXP7VN,6.252929688
25-07-2024,B0BNL5BKMK,0.774902344
25-07-2024,B0B69DD2C7,10.39892578
25-07-2024,B0BNL4HPH9,0.491943359
25-07-2024,B0BG2PD396,17.53173828
25-07-2024,B0BNL117VT,0.969726563
25-07-2024,B0CY5QQ49F,0.794677734
25-07-2024,B0BDRS6R5Z,28.92211914
25-07-2024,B0BRCY8QMH,10.9140625
25-07-2024,B0BRCXXBG2,8.022460938
25-07-2024,B0BRCYJ33N,5.154785156
25-07-2024,B0BRCYQNSW,52.17211914
25-07-2024,B0BRCYV77T,6.415771484
25-07-2024,B0BRDCBGFD,6.512207031
25-07-2024,B0C9JLKFPZ,0.883789063
25-07-2024,B0CFV6V981,32.28979492
25-07-2024,B0CQVLFPBQ,1.372802734
25-07-2024,B0BRDCJWJC,2.226318359
25-07-2024,B0CR49N6MQ,1.923583984
25-07-2024,B0CY5LR4VX,1.165283203
25-07-2024,B0CR49BQRS,1.600097656
25-07-2024,B0CR4C98FS,1.666748047
25-07-2024,B0CR4C5WXS,1.291503906
25-07-2024,B0CR4BK4FW,2.002441406
25-07-2024,B0CY5KFQBD,1.930908203
25-07-2024,B0CR4BG4ZW,1.463867188
25-07-2024,B0CR49NR3B,1.607177734
25-07-2024,B0CR4BGLK5,1.552978516
26-07-2024,B09KDTS4DC,4.632080078
26-07-2024,B09KDXJJ6W,1.671875
26-07-2024,B09KDLQ2GW,2.056884766
26-07-2024,B09KDNYCYR,4.981689453
26-07-2024,B09KDPXYG3,0.967529297
26-07-2024,B09KDQ2BWY,1.621337891
26-07-2024,B09KDR64LT,0.828857422
26-07-2024,B09KDTHJ6V,1.098388672
26-07-2024,B09KDVXTP4,1.501708984
26-07-2024,B09KTMKDKJ,41.90576172
26-07-2024,B0B69FBGN1,8.338623047
26-07-2024,B09MR2FY5D,9.714355469
26-07-2024,B09KDZQJ6P,11.58935547
26-07-2024,B09KSXP3HN,7.3515625
26-07-2024,B09KSYL73R,11.15112305
26-07-2024,B09KT5HMNY,130.3535156
26-07-2024,B09KTF8ZDQ,25.15209961
26-07-2024,B09KTFXX6L,4.099853516
26-07-2024,B09KTJRHC7,24.50292969
26-07-2024,B09MR2MLZH,9.975585938
26-07-2024,B09KDW1YKQ,0.570556641
26-07-2024,B09KDYY3SB,2.238769531
26-07-2024,B09MR3Y296,105.7180176
26-07-2024,B09MR3RSW8,17.27001953
26-07-2024,B09KTMLQ1N,13.09106445
26-07-2024,B09X1F8C23,3.092041016
26-07-2024,B09MR4B13C,100.3510742
26-07-2024,B09MR4D874,0.443603516
26-07-2024,B09MR4G722,4.483154297
26-07-2024,B09MR4Z3H8,11.11303711
26-07-2024,B09MR4Z3H9,6.138427734
26-07-2024,B09MR56Q9N,3.806396484
26-07-2024,B09MR5WS3Y,0.565429688
26-07-2024,B09MR3XT5G,28.04614258
26-07-2024,B09X1DHRLN,0.225341797
26-07-2024,B0B31T1XMH,2.532958984
26-07-2024,B09X1HV1NL,1.500488281
26-07-2024,B09X1JTK49,2.082519531
26-07-2024,B0B31R1ZBV,8.471923828
26-07-2024,B0B31SM3ZR,4.212158203
26-07-2024,B0B31VFJ6Q,4.811767578
26-07-2024,B0B31VTH56,4.534667969
26-07-2024,B0B31Y1FDZ,8.130126953
26-07-2024,B0B69C4GST,5.251953125
26-07-2024,B09X1F1L26,4.736816406
26-07-2024,B0B69DK8JN,13.16845703
26-07-2024,B0B699PLXD,31.15771484
26-07-2024,B0B69SF1BT,5.562988281
26-07-2024,B0BRCXP7VN,5.981689453
26-07-2024,B0BG2PD396,17.26049805
26-07-2024,B0BG2T78CJ,2.921630859
26-07-2024,B0BGDWGRQB,165.2983398
26-07-2024,B0BGDX2Z3L,55.95800781
26-07-2024,B0BGDXM13S,1.188476563
26-07-2024,B0BGDXV7FD,9.52734375
26-07-2024,B0BNKYZD2Z,0.831542969
26-07-2024,B0BNKZ5BR1,0.531005859
26-07-2024,B0BNL11QD8,0.383544922
26-07-2024,B0BRCYJ33N,4.883544922
26-07-2024,B0BNL3J36Z,0.572021484
26-07-2024,B0BNL4CB4X,0.462402344
26-07-2024,B0BNL5BKMK,0.503662109
26-07-2024,B0BRCW2B64,2.641113281
26-07-2024,B0BRCW79VK,4.326171875
26-07-2024,B0BRCXCXCV,2.485595703
26-07-2024,B0BRCXDHBX,11.6730957
26-07-2024,B0BRCXJRX6,4.153076172
26-07-2024,B0BNL424DV,1.073242188
26-07-2024,B0BDRS6R5Z,28.65087891
26-07-2024,B0BRCXQMS5,5.834960938
26-07-2024,B0BNKZ88Z5,0.600830078
26-07-2024,B0BRCXXBG2,7.751220703
26-07-2024,B0CY5QQ49F,0.5234375
26-07-2024,B0CR49BQRS,1.328857422
26-07-2024,B0BRCY8QMH,10.64282227
26-07-2024,B0BRCYJ4SR,15.79418945
26-07-2024,B0BRCYK4JK,3.309082031
26-07-2024,B0BRCYQNSW,51.90087891
26-07-2024,B0BRDCBGFD,6.240966797
26-07-2024,B0BRDCJWJC,1.955078125
26-07-2024,B0C9JLKFPZ,0.612548828
26-07-2024,B0CFV6V981,32.01855469
26-07-2024,B0BRCYV77T,6.14453125
26-07-2024,B0BRCXQRC9,11.02270508
26-07-2024,B0CR49NR3B,1.3359375
26-07-2024,B0CR4BG4ZW,1.192626953
26-07-2024,B0CR4BGLK5,1.281738281
26-07-2024,B0CR4BK4FW,1.731201172
26-07-2024,B0CR4C5WXS,1.020263672
26-07-2024,B0CR4C98FS,1.395507813
26-07-2024,B0CY5KFQBD,1.659667969
26-07-2024,B0CY5LR4VX,0.894042969
26-07-2024,B0CR49N6MQ,1.65234375
26-07-2024,B0BDRQWBK9,17.13330078
27-07-2024,B09KTMLQ1N,12.81982422
27-07-2024,B09KTMKDKJ,41.63452148
27-07-2024,B09KTJRHC7,24.23168945
27-07-2024,B09KTFXX6L,3.828613281
27-07-2024,B09KDPXYG3,0.696289063
27-07-2024,B09KSXP3HN,7.080322266
27-07-2024,B09KDZQJ6P,11.31811523
27-07-2024,B09KDYY3SB,1.967529297
27-07-2024,B09MR2FY5D,9.443115234
27-07-2024,B09KSYL73R,10.87988281
27-07-2024,B09KDLQ2GW,1.785644531
27-07-2024,B0BNKYZD2Z,0.560302734
27-07-2024,B09MR4Z3H8,10.84179688
27-07-2024,B09MR56Q9N,3.53515625
27-07-2024,B09X1F1L26,4.465576172
27-07-2024,B09X1F8C23,2.820800781
27-07-2024,B09X1HV1NL,1.229248047
27-07-2024,B0B31VFJ6Q,4.540527344
27-07-2024,B0BG2PD396,16.98925781
27-07-2024,B0BGDX2Z3L,55.68676758
27-07-2024,B0BGDXV7FD,9.256103516
27-07-2024,B09MR3XT5G,27.77490234
27-07-2024,B09MR4B13C,100.079834
27-07-2024,B0BNKZ88Z5,0.329589844
27-07-2024,B0BNL3J36Z,0.30078125
27-07-2024,B0BNL5BKMK,0.232421875
27-07-2024,B0BRCW2B64,2.369873047
27-07-2024,B0BRCYK4JK,3.037841797
27-07-2024,B0BRCYJ33N,4.612304688
27-07-2024,B0BRCXQRC9,10.75146484
27-07-2024,B0BRCW79VK,4.054931641
27-07-2024,B0BRCXJRX6,3.881835938
27-07-2024,B0BRCXDHBX,11.40185547
27-07-2024,B0BRCXCXCV,2.214355469
27-07-2024,B0BRCYV77T,5.873291016
27-07-2024,B0BRCXQMS5,5.563720703
27-07-2024,B0C9JLKFPZ,0.341308594
27-07-2024,B0BRCYQNSW,51.62963867
27-07-2024,B0CR49BQRS,1.057617188
27-07-2024,B0CR49N6MQ,1.381103516
27-07-2024,B0CR49NR3B,1.064697266
27-07-2024,B0CR4BG4ZW,0.921386719
27-07-2024,B0CR4BGLK5,1.010498047
27-07-2024,B0CR4BK4FW,1.459960938
27-07-2024,B0CR4C5WXS,0.749023438
27-07-2024,B0CR4C98FS,1.124267578
27-07-2024,B0CY5KFQBD,1.388427734
27-07-2024,B0CY5QQ49F,0.252197266
27-07-2024,B0CFV6V981,31.74731445
27-07-2024,B0CY5LR4VX,0.622802734
28-07-2024,B0BNL3J36Z,0.029541016
28-07-2024,B09MR2FY5D,9.171875
28-07-2024,B09KTMLQ1N,12.54858398
28-07-2024,B09KDYY3SB,1.696289063
28-07-2024,B09KTFXX6L,3.557373047
28-07-2024,B09KSYL73R,10.60864258
28-07-2024,B09KSXP3HN,6.809082031
28-07-2024,B09KDZQJ6P,11.046875
28-07-2024,B09KTJRHC7,23.96044922
28-07-2024,B09MR3XT5G,27.50366211
28-07-2024,B0B31VFJ6Q,4.269287109
28-07-2024,B09X1F1L26,4.194335938
28-07-2024,B09X1F8C23,2.549560547
28-07-2024,B09X1HV1NL,0.958007813
28-07-2024,B0B31Y1FDZ,7.587646484
28-07-2024,B0BG2PD396,16.71801758
28-07-2024,B0BGDX2Z3L,55.41552734
28-07-2024,B0BGDXV7FD,8.984863281
28-07-2024,B0BNKYZD2Z,0.2890625
28-07-2024,B09MR4B13C,99.80859375
28-07-2024,B09KDPXYG3,0.425048828
28-07-2024,B09MR56Q9N,3.263916016
28-07-2024,B09KDLQ2GW,1.514160156
28-07-2024,B0CR49N6MQ,1.109863281
28-07-2024,B09MR4Z3H8,10.57055664
28-07-2024,B0BRCYV77T,5.602050781
28-07-2024,B0BRCYK4JK,2.766601563
28-07-2024,B0BRCYJ33N,4.341064453
28-07-2024,B0BRCW79VK,3.783691406
28-07-2024,B0BRCXQMS5,5.292480469
28-07-2024,B0BRCXJRX6,3.610595703
28-07-2024,B0BRCXDHBX,11.13061523
28-07-2024,B0BRCXCXCV,1.943115234
28-07-2024,B0BRCXQRC9,10.48022461
28-07-2024,B0C9JLKFPZ,0.070068359
28-07-2024,B0BNKZ88Z5,0.058349609
28-07-2024,B0CR4BG4ZW,0.650146484
28-07-2024,B0CR49NR3B,0.793457031
28-07-2024,B0CR4BGLK5,0.739257813
28-07-2024,B0CR4BK4FW,1.188720703
28-07-2024,B0CR4C5WXS,0.477783203
28-07-2024,B0CR4C98FS,0.853027344
28-07-2024,B0CY5KFQBD,1.1171875
28-07-2024,B0CY5LR4VX,0.3515625
28-07-2024,B0BRCW2B64,2.098632813
28-07-2024,B0CFV6V981,31.47607422
28-07-2024,B0BNL5BKMK,-0.038818359
28-07-2024,B0CR49BQRS,0.786376953
28-07-2024,B0CY5QQ49F,-0.019042969
